IsRamadan,n,mean,median,std,uplift_vs_base_%,Feature,RevenueCenter,IsEid,IsPreRamadan,IsPostRamadan,IsLast10Ramadan,IsDSF,IsSummerEvent,IsWorldCup,IsNationalDay,IsNewYear,IsMarathon,IsGITEX,IsFilmFestival,IsAirshow,IsArtDubai,IsFoodFestival,IsPreEvent,IsPostEvent,TourismIntensity,RevenueImpact,IslamicPeriod
,3,26750.0,30250.0,15303.185942802891,299.7459968131219,IslamicPeriod,RevenueCenter_8,,,,,,,,,,,,,,,,,,,,Flag-Day
,84,1693.9238095238095,411.0,7203.762411622204,255.7275170179409,IslamicPeriod,RevenueCenter_6,,,,,,,,,,,,,,,,,,,,Pre-Ramadan-Early
,126,1526.6000000000001,385.5,6277.254259323897,220.58916961102878,IsPreRamadan,RevenueCenter_6,,1.0,,,,,,,,,,,,,,,,,,
,507,0.00019723865877712034,0.0,0.004441155916843275,187.57396449704143,IslamicPeriod,RevenueCenter_4,,,,,,,,,,,,,,,,,,,,Normal
,12,125.66666666666667,40.0,143.84039977023355,182.28823221273842,IslamicPeriod,RevenueCenter_7,,,,,,,,,,,,,,,,,,,,Pre-Dubai-Marathon
,18,1300.138888888889,263.5,4124.791758756383,173.03186608665956,IslamicPeriod,RevenueCenter_6,,,,,,,,,,,,,,,,,,,,Pre-Dubai-Food-Festival
,3,1205.1666666666667,1026.0,472.9282010340823,153.0875022334326,IslamicPeriod,RevenueCenter_6,,,,,,,,,,,,,,,,,,,,Pre-UAE-National-Day
,3,1205.1666666666667,1026.0,472.9282010340823,153.0875022334326,IsNationalDay,RevenueCenter_6,,,,,,,,1.0,,,,,,,,,,,,
,42,1191.952380952381,307.0,3861.0525906070247,150.31247479720454,IslamicPeriod,RevenueCenter_6,,,,,,,,,,,,,,,,,,,,Pre-Ramadan-Late
,18,1132.6944444444443,347.75,2427.6637410026715,149.53026523661768,IslamicPeriod,RevenueCenter_2,,,,,,,,,,,,,,,,,,,,Pre-Dubai-Food-Festival
,42,15838.095238095239,925.0,29454.86147609719,136.6809408812539,IslamicPeriod,RevenueCenter_8,,,,,,,,,,,,,,,,,,,,Pre-Ramadan-Late
,15,1115.5666666666666,454.0,2531.7875592628416,134.271316200976,IslamicPeriod,RevenueCenter_6,,,,,,,,,,,,,,,,,,,,Dubai-Airshow
,258,1096.459496124031,307.0,4717.431307997812,130.2587707156623,IsPreEvent,RevenueCenter_6,,,,,,,,,,,,,,,,1.0,,,,
,126,14870.039682539682,0.0,27916.48995483516,122.21453590831794,IsPreRamadan,RevenueCenter_8,,1.0,,,,,,,,,,,,,,,,,,
,6,98.66666666666667,11.0,153.81894118302424,121.63744492034635,IslamicPeriod,RevenueCenter_7,,,,,,,,,,,,,,,,,,,,New-Year-Celebrations
,84,14386.011904761905,0.0,27283.897605401344,114.98133342184997,IslamicPeriod,RevenueCenter_8,,,,,,,,,,,,,,,,,,,,Pre-Ramadan-Early
,12,2996.133333333333,1431.7,3290.6223126093378,103.39964640731662,IslamicPeriod,RevenueCenter_1,,,,,,,,,,,,,,,,,,,,Post-New-Year-Celebrations
,18,2975.0722222222225,1436.7,3063.091105173787,101.96986272403201,IsNewYear,RevenueCenter_1,,,,,,,,,1.0,,,,,,,,,,,
,42,949.4464285714286,348.0,3236.0453854032044,99.38572129298522,IslamicPeriod,RevenueCenter_6,,,,,,,,,,,,,,,,,,,,Pre-DSF
,6,2932.9500000000003,1436.7,2841.7193821698866,99.11029535746275,IslamicPeriod,RevenueCenter_1,,,,,,,,,,,,,,,,,,,,New-Year-Celebrations
,6,13276.666666666666,8090.0,15911.502338455242,98.4035271410174,IslamicPeriod,RevenueCenter_8,,,,,,,,,,,,,,,,,,,,Pre-Flag-Day
,30,87.6,0.0,123.37819625178848,96.77810988198316,IsMarathon,RevenueCenter_7,,,,,,,,,,1.0,,,,,,,,,,
,6,910.8333333333334,922.0,667.9019139564332,91.2768911223495,IslamicPeriod,RevenueCenter_6,,,,,,,,,,,,,,,,,,,,New-Year-Celebrations
,39,891.7564102564103,349.0,2799.6989778785396,87.2706976676369,IsFoodFestival,RevenueCenter_6,,,,,,,,,,,,,,,1.0,,,,,
,42,242.61904761904762,140.0,329.11788623982943,84.27723037537581,IslamicPeriod,RevenueCenter_9,,,,,,,,,,,,,,,,,,,,Pre-Ramadan-Late
,42,7897.6654761904765,2265.0,14234.066564225968,75.17488352399502,IslamicPeriod,RevenueCenter_3,,,,,,,,,,,,,,,,,,,,Pre-Ramadan-Late
,39,767.7307692307693,353.0,1674.33474945689,69.12951539232385,IsFoodFestival,RevenueCenter_2,,,,,,,,,,,,,,,1.0,,,,,
,42,750.4642857142857,552.0,695.7415888456557,65.3257444524169,IslamicPeriod,RevenueCenter_2,,,,,,,,,,,,,,,,,,,,Pre-Ramadan-Late
,12,2428.766666666667,1626.25,1838.493628605833,64.88260909812995,IslamicPeriod,RevenueCenter_1,,,,,,,,,,,,,,,,,,,,Pre-Dubai-Marathon
,126,7368.9440476190475,2113.0,11249.270837613622,63.44753004898863,IsPreRamadan,RevenueCenter_3,,1.0,,,,,,,,,,,,,,,,,,
,12,14019.883333333333,14773.6,11529.117665035881,60.80697335784212,IslamicPeriod,RevenueCenter_5,,,,,,,,,,,,,,,,,,,,Pre-Dubai-Marathon
,258,10757.257751937985,0.0,21622.52489072984,60.75404572052834,IsPreEvent,RevenueCenter_8,,,,,,,,,,,,,,,,1.0,,,,
,9,720.8333333333334,365.0,1253.9375981283918,58.798106356284904,IslamicPeriod,RevenueCenter_2,,,,,,,,,,,,,,,,,,,,Post-Dubai-Airshow
,6,70.66666666666667,0.0,119.5636511096356,58.740332172680496,IslamicPeriod,RevenueCenter_7,,,,,,,,,,,,,,,,,,,,Dubai-Marathon
,84,7104.583333333333,2113.0,9501.867722622372,57.58385331148544,IslamicPeriod,RevenueCenter_3,,,,,,,,,,,,,,,,,,,,Pre-Ramadan-Early
,126,207.4404761904762,102.5,279.92042874461924,57.55793617717977,IsPreRamadan,RevenueCenter_9,,1.0,,,,,,,,,,,,,,,,,,
,6,10504.166666666666,0.0,16397.381015475203,56.97190934047981,IslamicPeriod,RevenueCenter_8,,,,,,,,,,,,,,,,,,,,Post-Flag-Day
,15,10292.0,0.0,17343.28048141824,53.80133828787481,IslamicPeriod,RevenueCenter_8,,,,,,,,,,,,,,,,,,,,Pre-Dubai-Airshow
,6,2262.9500000000003,1692.4,2071.993901294113,53.625749801111624,IslamicPeriod,RevenueCenter_1,,,,,,,,,,,,,,,,,,,,Dubai-Marathon
,12,684.125,476.5,709.2284580315558,50.711335737794315,IslamicPeriod,RevenueCenter_2,,,,,,,,,,,,,,,,,,,,Post-Dubai-Marathon
,84,67.0,32.0,86.58473111727379,50.503805503343294,IslamicPeriod,RevenueCenter_7,,,,,,,,,,,,,,,,,,,,Pre-Ramadan-Early
,39,710.9615384615385,320.0,1634.6467040819527,49.30339921444001,IsAirshow,RevenueCenter_6,,,,,,,,,,,,,1.0,,,,,,,
,981,0.00010193679918450561,0.0,0.0031927542840705083,48.62385321100917,TourismIntensity,RevenueCenter_4,,,,,,,,,,,,,,,,,,Normal,,
,18,66.05555555555556,0.0,104.27479094270002,48.38227590669584,IsNewYear,RevenueCenter_7,,,,,,,,,1.0,,,,,,,,,,,
,126,66.0,32.0,86.073085224128,48.25748004806951,IsPreRamadan,RevenueCenter_7,,1.0,,,,,,,,,,,,,,,,,,
,18,2141.117777777778,1806.5,1508.967446900872,45.354879260965106,IslamicPeriod,RevenueCenter_1,,,,,,,,,,,,,,,,,,,,Pre-Dubai-Food-Festival
,18,64.5,18.0,97.99594829559506,44.887991865158845,IslamicPeriod,RevenueCenter_7,,,,,,,,,,,,,,,,,,,,Pre-Dubai-Food-Festival
,84,189.85119047619048,95.0,252.1092799456424,44.198289078081736,IslamicPeriod,RevenueCenter_9,,,,,,,,,,,,,,,,,,,,Pre-Ramadan-Early
,21,189.28571428571428,205.0,185.5416780287229,43.76879111719702,IslamicPeriod,RevenueCenter_9,,,,,,,,,,,,,,,,,,,,Dubai-Food-Festival
,42,64.0,23.5,86.0481997657524,43.76482913752195,IslamicPeriod,RevenueCenter_7,,,,,,,,,,,,,,,,,,,,Pre-Ramadan-Late
,30,2100.8733333333334,1471.75,1660.1306882360159,42.6227893106317,IsMarathon,RevenueCenter_1,,,,,,,,,,1.0,,,,,,,,,,
,84,2095.2571428571428,1755.75,1952.5440951956257,42.24152084560567,IslamicPeriod,RevenueCenter_1,,,,,,,,,,,,,,,,,,,,Pre-Ramadan-Early
,99,677.0277777777778,316.0,2130.1246215486235,42.17723901570675,TourismIntensity,RevenueCenter_6,,,,,,,,,,,,,,,,,,High,,
,15,9484.666666666666,0.0,12236.386672932653,41.73673013483578,IslamicPeriod,RevenueCenter_8,,,,,,,,,,,,,,,,,,,,Dubai-Airshow
0.0,1029,9.718172983479106e-05,0.0,0.0031173984319427515,41.690962099125365,IsRamadan,RevenueCenter_4,,,,,,,,,,,,,,,,,,,,
,126,2076.396031746032,1503.5,1940.2306126602907,40.96108940146131,IsPreRamadan,RevenueCenter_1,,1.0,,,,,,,,,,,,,,,,,,
,21,62.0,41.0,66.18912297349165,39.27217822697439,IslamicPeriod,RevenueCenter_7,,,,,,,,,,,,,,,,,,,,Post-Summer-Event
,93,661.9435483870968,313.5,2192.1019613061508,39.00951952495561,IsDSF,RevenueCenter_6,,,,,1.0,,,,,,,,,,,,,,,
,42,2038.6738095238095,1270.5,1938.321162577897,38.40022651317254,IslamicPeriod,RevenueCenter_1,,,,,,,,,,,,,,,,,,,,Pre-Ramadan-Late
,126,626.1784920634921,467.5,534.5612275188951,37.945838770936206,IsPreRamadan,RevenueCenter_2,,1.0,,,,,,,,,,,,,,,,,,
,39,61.38461538461539,40.0,79.17888321111069,37.88982410065207,IsFoodFestival,RevenueCenter_7,,,,,,,,,,,,,,,1.0,,,,,
,84,9218.720238095239,0.0,17754.28930650912,37.76248638948345,IslamicPeriod,RevenueCenter_8,,,,,,,,,,,,,,,,,,,,Post-Ramadan-Recovery
,60,11924.827333333333,13828.66,10717.40486361271,36.77684369376831,IslamicPeriod,RevenueCenter_5,,,,,,,,,,,,,,,,,,,,Ramadan-First10Days
,12,178.33333333333334,77.5,298.0110837881807,35.450093769535314,IslamicPeriod,RevenueCenter_9,,,,,,,,,,,,,,,,,,,,Post-Dubai-Marathon
,3,1978.6666666666667,1795.0,1024.9177202748197,34.32649871766182,IslamicPeriod,RevenueCenter_1,,,,,,,,,,,,,,,,,,,,Pre-UAE-National-Day
,3,1978.6666666666667,1795.0,1024.9177202748197,34.32649871766182,IsNationalDay,RevenueCenter_1,,,,,,,,1.0,,,,,,,,,,,,
1.0,429,637.3433566433566,191.0,3455.6901578233965,33.84342818249671,IsRamadan,RevenueCenter_6,,,,,,,,,,,,,,,,,,,,
,6,5974.725000000001,1317.75,8352.582218796173,32.52292834106599,IslamicPeriod,RevenueCenter_3,,,,,,,,,,,,,,,,,,,,Pre-Commemoration-Day
,258,5960.704069767441,1888.0,8864.246794477112,32.211935829697744,IsPreEvent,RevenueCenter_3,,,,,,,,,,,,,,,,1.0,,,,
,21,58.714285714285715,41.0,61.0959432836116,31.891394588217686,IslamicPeriod,RevenueCenter_7,,,,,,,,,,,,,,,,,,,,Dubai-Food-Festival
,6,11476.166666666666,5175.5,13635.810110391925,31.630740680211726,IslamicPeriod,RevenueCenter_5,,,,,,,,,,,,,,,,,,,,New-Year-Celebrations
,15,58.266666666666666,62.0,37.801108575328975,30.885896527285606,IslamicPeriod,RevenueCenter_7,,,,,,,,,,,,,,,,,,,,Pre-Eid-Adha
,57,172.28070175438597,70.0,242.3307033776338,30.85291891951174,IslamicPeriod,RevenueCenter_9,,,,,,,,,,,,,,,,,,,,Ramadan-Middle
,57,11399.722807017542,12185.0,9315.995440159773,30.753935544983506,IslamicPeriod,RevenueCenter_5,,,,,,,,,,,,,,,,,,,,Ramadan-Middle
,171,172.06140350877192,105.0,212.24090925260268,30.686354613351448,IslamicPeriod,RevenueCenter_9,,,,,,,,,,,,,,,,,,,,Dubai-Summer-Surprises
,12,58.0,0.0,101.24318158859795,30.28687640587927,IslamicPeriod,RevenueCenter_7,,,,,,,,,,,,,,,,,,,,Post-Dubai-Marathon
,18,11329.388888888889,3541.5,13043.605695732742,29.947210964631527,IslamicPeriod,RevenueCenter_5,,,,,,,,,,,,,,,,,,,,Pre-Dubai-Food-Festival
,6,618.75,570.5,345.573110933128,29.938784682840343,IslamicPeriod,RevenueCenter_6,,,,,,,,,,,,,,,,,,,,Dubai-Marathon
,9,618.6666666666666,291.0,856.2499635036488,29.921284509819074,IslamicPeriod,RevenueCenter_6,,,,,,,,,,,,,,,,,,,,Post-Dubai-Airshow
,6,589.3333333333334,556.0,303.3741364498079,29.828925797878252,IslamicPeriod,RevenueCenter_2,,,,,,,,,,,,,,,,,,,,Dubai-Marathon
,177,11282.98734463277,12025.0,9636.750588570618,29.41498885453623,TourismIntensity,RevenueCenter_5,,,,,,,,,,,,,,,,,,Low,,
,192,170.24739583333334,105.0,208.8612167124044,29.308555493331944,IsSummerEvent,RevenueCenter_9,,,,,,1.0,,,,,,,,,,,,,,
,15,169.66666666666666,140.0,174.22754688980183,28.86747239008125,IslamicPeriod,RevenueCenter_9,,,,,,,,,,,,,,,,,,,,Pre-Eid-Adha
,39,169.35897435897436,55.0,208.61756589252107,28.633769855899466,IsFoodFestival,RevenueCenter_9,,,,,,,,,,,,,,,1.0,,,,,
1.0,429,8553.47902097902,0.0,19113.406156205703,27.821270933135896,IsRamadan,RevenueCenter_8,,,,,,,,,,,,,,,,,,,,
,39,579.7435897435897,423.0,693.736418755587,27.716324934303298,IsAirshow,RevenueCenter_2,,,,,,,,,,,,,1.0,,,,,,,
,129,11071.656976744185,11999.0,9823.650427648177,26.99104594211809,RevenueImpact,RevenueCenter_5,,,,,,,,,,,,,,,,,,,Decrease,
,258,576.1782558139535,425.0,779.2622089016236,26.93088917492196,IsPreEvent,RevenueCenter_2,,,,,,,,,,,,,,,,1.0,,,,
,258,56.35658914728682,25.0,78.8419883046992,26.59524077395646,IsPreEvent,RevenueCenter_7,,,,,,,,,,,,,,,,1.0,,,,
,3,5703.650000000001,1940.0,7861.043223866664,26.51032478189724,IslamicPeriod,RevenueCenter_3,,,,,,,,,,,,,,,,,,,,Flag-Day
,6,165.83333333333334,125.0,152.7879794573731,25.955928318399668,IslamicPeriod,RevenueCenter_9,,,,,,,,,,,,,,,,,,,,Dubai-Marathon
,39,8424.038461538461,0.0,13448.171339385954,25.886940261673665,IsAirshow,RevenueCenter_8,,,,,,,,,,,,,1.0,,,,,,,
,18,596.1944444444445,439.0,539.8184645537817,25.20207118508652,IsNewYear,RevenueCenter_6,,,,,,,,,1.0,,,,,,,,,,,
,129,164.7674418604651,70.0,239.03848773615104,25.146348318690414,RevenueImpact,RevenueCenter_9,,,,,,,,,,,,,,,,,,,Decrease,
,60,164.33333333333334,62.5,249.97197583042177,24.81662846426339,IslamicPeriod,RevenueCenter_9,,,,,,,,,,,,,,,,,,,,Ramadan-First10Days
,84,564.0355952380952,454.87,423.69564780857803,24.25588593019584,IslamicPeriod,RevenueCenter_2,,,,,,,,,,,,,,,,,,,,Pre-Ramadan-Early
,39,1825.0953846153845,1214.0,1354.5189361965301,23.90094651675318,IsFoodFestival,RevenueCenter_1,,,,,,,,,,,,,,,1.0,,,,,
,30,10793.828333333333,6585.8,11266.163700118885,23.804372972251652,IsMarathon,RevenueCenter_5,,,,,,,,,,1.0,,,,,,,,,,
,15,556.6333333333333,409.0,551.2933645614863,22.625182799704117,IslamicPeriod,RevenueCenter_2,,,,,,,,,,,,,,,,,,,,Dubai-Airshow
,258,1798.3847674418605,1279.5,1636.238597490729,22.087632660533167,IsPreEvent,RevenueCenter_1,,,,,,,,,,,,,,,,1.0,,,,
,84,10642.529047619048,4874.0,10651.446724944308,22.068981911680467,IslamicPeriod,RevenueCenter_5,,,,,,,,,,,,,,,,,,,,Pre-Ramadan-Early
,18,10611.305555555555,3953.5,12314.801597526366,21.71085088184121,IsNewYear,RevenueCenter_5,,,,,,,,,1.0,,,,,,,,,,,
,1200,8.333333333333334e-05,0.0,0.002886751345948133,21.50000000000001,IsPreEvent,RevenueCenter_4,,,,,,,,,,,,,,,,0.0,,,,
,6,577.8333333333334,414.0,554.1344301400759,21.34619972940269,IslamicPeriod,RevenueCenter_6,,,,,,,,,,,,,,,,,,,,Pre-Flag-Day
,18,5467.230555555555,2508.375,6249.552606766882,21.266401907698697,IslamicPeriod,RevenueCenter_3,,,,,,,,,,,,,,,,,,,,Pre-Dubai-Food-Festival
,60,10530.248666666668,10580.5,8875.862975180185,20.781134659379198,IslamicPeriod,RevenueCenter_5,,,,,,,,,,,,,,,,,,,,Ramadan-Last10Days
,60,10530.248666666668,10580.5,8875.862975180185,20.781134659379198,IsLast10Ramadan,RevenueCenter_5,,,,1.0,,,,,,,,,,,,,,,,
,57,53.64912280701754,25.0,72.41262992345379,20.51339021451264,RevenueImpact,RevenueCenter_7,,,,,,,,,,,,,,,,,,,Boost,
,21,8033.0952380952385,4140.0,10392.362878117576,20.044772465313063,IslamicPeriod,RevenueCenter_8,,,,,,,,,,,,,,,,,,,,Dubai-Food-Festival
,30,542.8166666666667,394.5,527.5781439640062,19.58139944318713,IsMarathon,RevenueCenter_2,,,,,,,,,,1.0,,,,,,,,,,
1.0,429,157.05710955710956,70.0,231.27309609753945,19.290094672986935,IsRamadan,RevenueCenter_9,,,,,,,,,,,,,,,,,,,,
,126,10385.098333333333,5218.0,10168.777962372531,19.116271605225243,IsPreRamadan,RevenueCenter_5,,1.0,,,,,,,,,,,,,,,,,,
,6,1743.5,1264.0,1631.3737462641723,18.361649518654,IslamicPeriod,RevenueCenter_1,,,,,,,,,,,,,,,,,,,,Pre-Flag-Day
,201,155.8084577114428,80.0,204.2275064189676,18.341702095896846,TourismIntensity,RevenueCenter_9,,,,,,,,,,,,,,,,,,Medium,,
,21,155.47619047619048,105.0,182.89276066799883,18.089334087458695,IslamicPeriod,RevenueCenter_9,,,,,,,,,,,,,,,,,,,,Post-Summer-Event
,981,7895.815494393476,0.0,15910.30374112325,17.993294783507043,TourismIntensity,RevenueCenter_8,,,,,,,,,,,,,,,,,,Normal,,
,39,7890.128205128205,2800.0,10375.641609024495,17.908305209058064,IsFoodFestival,RevenueCenter_8,,,,,,,,,,,,,,,1.0,,,,,
,1242,8.051529790660226e-05,0.0,0.002837521769195833,17.391304347826086,IsPostEvent,RevenueCenter_4,,,,,,,,,,,,,,,,,0.0,,,
,12,10178.875,3288.25,12216.662626632306,16.75090598265596,IslamicPeriod,RevenueCenter_5,,,,,,,,,,,,,,,,,,,,Post-New-Year-Celebrations
,18,7723.333333333333,1400.0,10654.729825155533,15.415760076760568,IslamicPeriod,RevenueCenter_8,,,,,,,,,,,,,,,,,,,,Pre-Dubai-Food-Festival
,12,1698.2916666666667,1510.5,1057.885851771725,15.29257414995743,IslamicPeriod,RevenueCenter_1,,,,,,,,,,,,,,,,,,,,Eid-Adha
,1266,7.898894154818326e-05,0.0,0.002810497136596719,15.165876777251189,IsSummerEvent,RevenueCenter_4,,,,,,0.0,,,,,,,,,,,,,,
,12,1691.9416666666666,1471.75,1272.9371779530802,14.861489277893494,IslamicPeriod,RevenueCenter_1,,,,,,,,,,,,,,,,,,,,Post-Dubai-Marathon
,1272,7.861635220125787e-05,0.0,0.002803860770460227,14.62264150943397,RevenueImpact,RevenueCenter_4,,,,,,,,,,,,,,,,,,,Neutral,
,84,50.845238095238095,24.5,101.19187238751947,14.21495261278948,IslamicPeriod,RevenueCenter_7,,,,,,,,,,,,,,,,,,,,Post-Ramadan-Recovery
,15,518.2,519.0,294.04430849302776,14.158398215713538,IslamicPeriod,RevenueCenter_2,,,,,,,,,,,,,,,,,,,,Pre-Dubai-Airshow
,981,542.2649337410805,280.0,2374.4615796412813,13.876761965958707,TourismIntensity,RevenueCenter_6,,,,,,,,,,,,,,,,,,Normal,,
,21,541.7142857142857,404.0,390.15601275094343,13.76112473704601,IslamicPeriod,RevenueCenter_6,,,,,,,,,,,,,,,,,,,,Dubai-Food-Festival
,126,50.507936507936506,26.0,90.3015168007046,13.457263471129671,IsPostRamadan,RevenueCenter_7,,,1.0,,,,,,,,,,,,,,,,,
,84,149.16666666666666,70.0,217.0278885711942,13.297041050218784,IslamicPeriod,RevenueCenter_9,,,,,,,,,,,,,,,,,,,,Post-Ramadan-Recovery
,42,9870.236904761905,5218.0,9229.03706752702,13.210850992314802,IslamicPeriod,RevenueCenter_5,,,,,,,,,,,,,,,,,,,,Pre-Ramadan-Late
,507,5098.129289940828,1644.75,6503.525687969696,13.079517896525427,IslamicPeriod,RevenueCenter_3,,,,,,,,,,,,,,,,,,,,Normal
,3,5087.5,3059.5,5951.543518281623,12.843753969458529,IsNationalDay,RevenueCenter_3,,,,,,,,1.0,,,,,,,,,,,,
,3,5087.5,3059.5,5951.543518281623,12.843753969458529,IslamicPeriod,RevenueCenter_3,,,,,,,,,,,,,,,,,,,,Pre-UAE-National-Day
,507,510.6448717948718,388.0,455.4533384999221,12.494018952471931,IslamicPeriod,RevenueCenter_2,,,,,,,,,,,,,,,,,,,,Normal
,981,5054.065902140673,1659.25,6910.1564433475505,12.10216593741357,TourismIntensity,RevenueCenter_3,,,,,,,,,,,,,,,,,,Normal,,
,42,49.833333333333336,28.0,64.27149604025126,11.941885187810067,IslamicPeriod,RevenueCenter_7,,,,,,,,,,,,,,,,,,,,Post-Ramadan-Week1
,42,7488.035714285715,0.0,12960.516489065069,11.899525262781335,IslamicPeriod,RevenueCenter_8,,,,,,,,,,,,,,,,,,,,Pre-DSF
,12,49.75,0.0,71.9673221298768,11.75469139987058,IslamicPeriod,RevenueCenter_7,,,,,,,,,,,,,,,,,,,,Post-New-Year-Celebrations
,6,5035.683333333333,1686.5,6610.414873641946,11.69442970708,IslamicPeriod,RevenueCenter_3,,,,,,,,,,,,,,,,,,,,Dubai-Marathon
,126,7463.829365079365,0.0,15356.428402094376,11.537791012586988,IsPostRamadan,RevenueCenter_8,,,1.0,,,,,,,,,,,,,,,,,
,12,5024.370833333333,1166.5,6507.224119408239,11.44351177749189,IslamicPeriod,RevenueCenter_3,,,,,,,,,,,,,,,,,,,,Post-New-Year-Celebrations
,18,146.11111111111111,22.5,236.04931909614064,10.976245051052299,IslamicPeriod,RevenueCenter_9,,,,,,,,,,,,,,,,,,,,Pre-Dubai-Food-Festival
,981,1634.3151681957186,1130.0,1528.1470061480622,10.949377195871355,TourismIntensity,RevenueCenter_1,,,,,,,,,,,,,,,,,,Normal,,
,48,49.3125,51.5,40.81361696526337,10.7719240131883,IsEid,RevenueCenter_7,1.0,,,,,,,,,,,,,,,,,,,
1.0,429,9649.85219114219,8470.4,9179.188282489951,10.683055437321755,IsRamadan,RevenueCenter_5,,,,,,,,,,,,,,,,,,,,
,18,4985.008333333333,1112.0,6513.433747631077,10.570428285477576,IsNewYear,RevenueCenter_3,,,,,,,,,1.0,,,,,,,,,,,
,507,7390.877712031558,0.0,13231.94425351388,10.447617881119303,IslamicPeriod,RevenueCenter_8,,,,,,,,,,,,,,,,,,,,Normal
,12,4964.908333333334,1806.875,6260.013516353159,10.12459841721496,IslamicPeriod,RevenueCenter_3,,,,,,,,,,,,,,,,,,,,Pre-Dubai-Marathon
,1266,7355.787914691943,0.0,15047.08011095371,9.92324382446529,IsSummerEvent,RevenueCenter_8,,,,,,0.0,,,,,,,,,,,,,,
,99,48.91919191919192,24.0,63.549382496345885,9.888426059504226,TourismIntensity,RevenueCenter_7,,,,,,,,,,,,,,,,,,High,,
,981,498.457380224261,377.0,551.4647892835582,9.80913953145989,TourismIntensity,RevenueCenter_2,,,,,,,,,,,,,,,,,,Normal,,
,1332,7.507507507507509e-05,0.0,0.0027399831217559596,9.45945945945947,IsPostRamadan,RevenueCenter_4,,,0.0,,,,,,,,,,,,,,,,,
,1332,7.507507507507509e-05,0.0,0.0027399831217559596,9.45945945945947,IsPreRamadan,RevenueCenter_4,,0.0,,,,,,,,,,,,,,,,,,
,39,4915.191025641026,1881.0,5919.837011112808,9.021839176476936,IsFoodFestival,RevenueCenter_3,,,,,,,,,,,,,,,1.0,,,,,
,12,48.5,56.0,41.24318125460256,8.946784580778354,IslamicPeriod,RevenueCenter_7,,,,,,,,,,,,,,,,,,,,Eid-Adha
,6,4906.283333333334,993.5,7146.782833811774,8.824261301448963,IslamicPeriod,RevenueCenter_3,,,,,,,,,,,,,,,,,,,,New-Year-Celebrations
,507,1600.8324654832347,1131.0,1498.1457795129177,8.676324185609067,IslamicPeriod,RevenueCenter_1,,,,,,,,,,,,,,,,,,,,Normal
,216,48.375,23.5,79.54348306224979,8.665993898869132,IsPostEvent,RevenueCenter_7,,,,,,,,,,,,,,,,,1.0,,,
,51,48.35294117647059,25.0,56.87699834886218,8.61644260206162,IslamicPeriod,RevenueCenter_7,,,,,,,,,,,,,,,,,,,,Dubai-Shopping-Festival
,15,48.266666666666666,16.0,83.4732349461847,8.422641974547803,IslamicPeriod,RevenueCenter_7,,,,,,,,,,,,,,,,,,,,GITEX-Technology-Week
,15,4864.6466666666665,1292.0,5793.613507236921,7.900735449961642,IslamicPeriod,RevenueCenter_3,,,,,,,,,,,,,,,,,,,,Pre-Dubai-Airshow
,177,141.24293785310735,50.0,214.3817293361031,7.2787056625497515,TourismIntensity,RevenueCenter_9,,,,,,,,,,,,,,,,,,Low,,
,981,47.67380224260958,21.0,76.02506042731686,7.090875527262147,TourismIntensity,RevenueCenter_7,,,,,,,,,,,,,,,,,,Normal,,
,51,486.0882352941176,362.0,359.81366991656046,7.084242247547926,IslamicPeriod,RevenueCenter_2,,,,,,,,,,,,,,,,,,,,Dubai-Shopping-Festival
,1365,7.326007326007326e-05,0.0,0.0027066598098038387,6.8131868131868085,IsDSF,RevenueCenter_4,,,,,0.0,,,,,,,,,,,,,,,
,1365,140.45787545787545,50.0,212.62589220288405,6.682424680966029,IsDSF,RevenueCenter_9,,,,,0.0,,,,,,,,,,,,,,,
,57,9291.208771929825,5896.6,9044.438736066344,6.569443263308308,RevenueImpact,RevenueCenter_5,,,,,,,,,,,,,,,,,,,Boost,
,1272,506.9080974842767,242.0,2190.488258536006,6.451752942218462,RevenueImpact,RevenueCenter_6,,,,,,,,,,,,,,,,,,,Neutral,
,1266,506.55229067930486,242.0,2196.798607148648,6.377032774428683,IsSummerEvent,RevenueCenter_6,,,,,,0.0,,,,,,,,,,,,,,
,12,482.75,448.0,303.96467348570746,6.348835852249529,IslamicPeriod,RevenueCenter_2,,,,,,,,,,,,,,,,,,,,Post-New-Year-Celebrations
0.0,1029,482.68168124392616,373.0,524.4560651406676,6.333785370270603,IsRamadan,RevenueCenter_2,,,,,,,,,,,,,,,,,,,,
,15,7089.0,3400.0,9686.427581193919,5.936425099372769,IslamicPeriod,RevenueCenter_8,,,,,,,,,,,,,,,,,,,,Pre-GITEX-Technology-Week
,258,9232.581511627906,4194.0,9375.364038646832,5.896993139347654,IsPreEvent,RevenueCenter_5,,,,,,,,,,,,,,,,1.0,,,,
,192,47.015625,25.0,60.72532585015358,5.612395233106336,IsSummerEvent,RevenueCenter_7,,,,,,1.0,,,,,,,,,,,,,,
,21,1554.2190476190476,1012.0,1176.2694302833206,5.511861307428694,IslamicPeriod,RevenueCenter_1,,,,,,,,,,,,,,,,,,,,Dubai-Food-Festival
,39,9197.402564102564,2916.0,10542.140833677879,5.493493342454571,IsFoodFestival,RevenueCenter_5,,,,,,,,,,,,,,,1.0,,,,,
,1272,7046.006682389937,0.0,14601.96643568602,5.2939426094909825,RevenueImpact,RevenueCenter_8,,,,,,,,,,,,,,,,,,,Neutral,
,30,4737.61,1546.375,6091.090210361247,5.082987173119681,IsMarathon,RevenueCenter_3,,,,,,,,,,1.0,,,,,,,,,,
,93,476.247311827957,401.0,354.47072166805117,4.916306971862234,IsDSF,RevenueCenter_2,,,,,1.0,,,,,,,,,,,,,,,
,507,137.68244575936885,45.0,216.76361815048722,4.574393580516653,IslamicPeriod,RevenueCenter_9,,,,,,,,,,,,,,,,,,,,Normal
,981,137.41335372069318,45.0,213.96277483565623,4.37000923357504,TourismIntensity,RevenueCenter_9,,,,,,,,,,,,,,,,,,Normal,,
,57,473.640350877193,362.0,374.50133218323475,4.3419988160341125,RevenueImpact,RevenueCenter_2,,,,,,,,,,,,,,,,,,,Boost,
,1398,7.15307582260372e-05,0.0,0.002674523475799707,4.291845493562234,IsLast10Ramadan,RevenueCenter_4,,,,0.0,,,,,,,,,,,,,,,,
,15,1535.0133333333333,809.0,1478.676297458868,4.208035656128939,IslamicPeriod,RevenueCenter_1,,,,,,,,,,,,,,,,,,,,GITEX-Technology-Week
,1272,4695.253136792453,1591.75,6409.498084938271,4.1434869371078085,RevenueImpact,RevenueCenter_3,,,,,,,,,,,,,,,,,,,Neutral,
,1272,471.45828616352196,359.25,521.2539021955637,3.8612944306313457,RevenueImpact,RevenueCenter_2,,,,,,,,,,,,,,,,,,,Neutral,
,15,4681.78,1921.5,5048.323706998478,3.8446448076916995,IslamicPeriod,RevenueCenter_3,,,,,,,,,,,,,,,,,,,,Dubai-Airshow
,51,9034.154901960785,5896.6,8507.895263443566,3.6210553319079013,IslamicPeriod,RevenueCenter_5,,,,,,,,,,,,,,,,,,,,Dubai-Shopping-Festival
,1242,9027.010603864734,5050.5,8850.020732836467,3.5391107874151047,IsPostEvent,RevenueCenter_5,,,,,,,,,,,,,,,,,0.0,,,
,99,469.67676767676767,401.0,363.2577043379452,3.4688295583049236,TourismIntensity,RevenueCenter_2,,,,,,,,,,,,,,,,,,High,,
,42,4662.721428571428,1523.0,5617.954207164554,3.421914440066128,IslamicPeriod,RevenueCenter_3,,,,,,,,,,,,,,,,,,,,Pre-DSF
,1410,7.092198581560284e-05,0.0,0.002663118206456542,3.404255319148931,IsEid,RevenueCenter_4,0.0,,,,,,,,,,,,,,,,,,,
,1242,492.35652173913047,223.25,2215.304653714445,3.395891822954464,IsPostEvent,RevenueCenter_6,,,,,,,,,,,,,,,,,0.0,,,
,1266,4655.372069510268,1550.475,6424.464144110237,3.2589013165809755,IsSummerEvent,RevenueCenter_3,,,,,,0.0,,,,,,,,,,,,,,
,1266,1518.6662164296997,1054.5,1453.595604405401,3.098272695653835,IsSummerEvent,RevenueCenter_1,,,,,,0.0,,,,,,,,,,,,,,
,507,8978.697968441815,4515.0,9023.21788857538,2.984968610009887,IslamicPeriod,RevenueCenter_5,,,,,,,,,,,,,,,,,,,,Normal
,1272,45.833333333333336,20.0,72.35415709760572,2.956583366714945,RevenueImpact,RevenueCenter_7,,,,,,,,,,,,,,,,,,,Neutral,
,1398,489.6597639484978,240.5,2093.422094812766,2.829567087764501,IsLast10Ramadan,RevenueCenter_6,,,,0.0,,,,,,,,,,,,,,,,
,1272,1514.1866588050314,1038.0,1433.2078447929885,2.7941672585620023,RevenueImpact,RevenueCenter_1,,,,,,,,,,,,,,,,,,,Neutral,
,1419,7.047216349541931e-05,0.0,0.0026546593660094994,2.7484143763213487,IsFoodFestival,RevenueCenter_4,,,,,,,,,,,,,,,0.0,,,,,
,1419,7.047216349541931e-05,0.0,0.0026546593660094994,2.7484143763213487,IsGITEX,RevenueCenter_4,,,,,,,,,,,0.0,,,,,,,,,
,1419,7.047216349541931e-05,0.0,0.0026546593660094994,2.7484143763213487,IsAirshow,RevenueCenter_4,,,,,,,,,,,,,0.0,,,,,,,
,93,45.70967741935484,25.0,53.33111919784555,2.678811939449904,IsDSF,RevenueCenter_7,,,,,1.0,,,,,,,,,,,,,,,
,1419,135.0986610288936,40.0,210.19958895889397,2.6119232028166497,IsAirshow,RevenueCenter_9,,,,,,,,,,,,,0.0,,,,,,,
,1266,8940.169462875197,4685.9,8885.93223004183,2.5430496424363223,IsSummerEvent,RevenueCenter_5,,,,,,0.0,,,,,,,,,,,,,,
,1242,465.451843800322,342.5,557.3013749399637,2.538087485131713,IsPostEvent,RevenueCenter_2,,,,,,,,,,,,,,,,,0.0,,,
,1332,465.13283783783777,348.0,554.4717393515191,2.4678111252350234,IsPostRamadan,RevenueCenter_2,,,0.0,,,,,,,,,,,,,,,,,
,1398,465.0507439198855,352.0,534.5074330337976,2.44972600331939,IsLast10Ramadan,RevenueCenter_2,,,,0.0,,,,,,,,,,,,,,,,
,30,487.71666666666664,422.5,441.2221991502564,2.421512624214323,IsMarathon,RevenueCenter_6,,,,,,,,,,1.0,,,,,,,,,,
,42,464.29761904761904,406.5,351.84264185618423,2.283814137101028,IslamicPeriod,RevenueCenter_2,,,,,,,,,,,,,,,,,,,,Pre-DSF
,1332,8916.91569069069,4745.4,8793.497407907065,2.276330680856037,IsPostRamadan,RevenueCenter_5,,,0.0,,,,,,,,,,,,,,,,,
,1242,4607.56150563607,1559.75,6380.945516204026,2.198434779586165,IsPostEvent,RevenueCenter_3,,,,,,,,,,,,,,,,,0.0,,,
,1428,7.00280112044818e-05,0.0,0.0026462806201248204,2.100840336134462,IsMarathon,RevenueCenter_4,,,,,,,,,,0.0,,,,,,,,,,
,1398,4602.898240343347,1583.75,6255.584605028785,2.095000801918091,IsLast10Ramadan,RevenueCenter_3,,,,0.0,,,,,,,,,,,,,,,,
,1398,1502.5832117310445,1045.5,1417.3123896359837,2.006439621177724,IsLast10Ramadan,RevenueCenter_1,,,,0.0,,,,,,,,,,,,,,,,
,1242,6824.231481481482,0.0,14375.553580727817,1.9797837775066527,IsPostEvent,RevenueCenter_8,,,,,,,,,,,,,,,,,0.0,,,
,1410,6822.82304964539,0.0,14392.469379826915,1.9587364882258336,IsEid,RevenueCenter_8,0.0,,,,,,,,,,,,,,,,,,,
0.0,1029,1500.5249562682216,1057.5,1380.7974186678966,1.8667100474980574,IsRamadan,RevenueCenter_1,,,,,,,,,,,,,,,,,,,,
,1242,134.10628019323673,35.0,212.82678900945746,1.8581769752756505,IsPostEvent,RevenueCenter_9,,,,,,,,,,,,,,,,,0.0,,,
,1398,45.32546494992847,18.0,71.75151443358588,1.8157456891438435,IsLast10Ramadan,RevenueCenter_7,,,,0.0,,,,,,,,,,,,,,,,
,1410,484.09195035460993,235.0,2085.3532017394705,1.6603146728467018,IsEid,RevenueCenter_6,0.0,,,,,,,,,,,,,,,,,,,
,15,1497.3,1415.0,818.1256845462595,1.647776211230646,IslamicPeriod,RevenueCenter_1,,,,,,,,,,,,,,,,,,,,Pre-Dubai-Airshow
,1266,461.3925276461295,342.5,564.9538647783492,1.6438284538430443,IsSummerEvent,RevenueCenter_2,,,,,,0.0,,,,,,,,,,,,,,
,1419,483.746229739253,237.0,2078.640802742175,1.5877126258175587,IsGITEX,RevenueCenter_6,,,,,,,,,,,0.0,,,,,,,,,
,1419,45.2184637068358,18.0,71.81104866966707,1.5753860730388451,IsAirshow,RevenueCenter_7,,,,,,,,,,,,,0.0,,,,,,,
,1332,4576.868198198198,1538.725,6298.336298608713,1.5176390974184613,IsPostRamadan,RevenueCenter_3,,,0.0,,,,,,,,,,,,,,,,,
,1272,133.6556603773585,40.0,207.4610267955408,1.515916248274986,RevenueImpact,RevenueCenter_9,,,,,,,,,,,,,,,,,,,Neutral,
,171,45.175438596491226,25.0,59.97110759465787,1.4787376724558683,IslamicPeriod,RevenueCenter_7,,,,,,,,,,,,,,,,,,,,Dubai-Summer-Surprises
,1398,133.5050071530758,35.0,211.28990449172346,1.4014901173080427,IsLast10Ramadan,RevenueCenter_9,,,,0.0,,,,,,,,,,,,,,,,
,1332,482.7213963963964,225.5,2141.970538753558,1.3724954960022233,IsPostRamadan,RevenueCenter_6,,,0.0,,,,,,,,,,,,,,,,,
,30,133.33333333333334,70.0,210.0875570070617,1.2710981454469699,IsMarathon,RevenueCenter_9,,,,,,,,,,1.0,,,,,,,,,,
,1440,6.944444444444444e-05,0.0,0.0026352313834736548,1.2499999999999953,IsNewYear,RevenueCenter_4,,,,,,,,,0.0,,,,,,,,,,,
,1419,133.28400281888653,35.0,210.52411935105204,1.2336299801711592,IsGITEX,RevenueCenter_9,,,,,,,,,,,0.0,,,,,,,,,
,1410,8818.126560283687,4550.5,8710.156728079875,1.143227024876726,IsEid,RevenueCenter_5,0.0,,,,,,,,,,,,,,,,,,,
,1428,6767.556372549019,0.0,14266.488346808495,1.1328436685459236,IsMarathon,RevenueCenter_8,,,,,,,,,,0.0,,,,,,,,,,
,1365,6762.764102564102,0.0,14391.854611557916,1.061229061363935,IsDSF,RevenueCenter_8,,,,,0.0,,,,,,,,,,,,,,,
,1398,6762.103361945637,0.0,14403.873153731467,1.0513551018438037,IsLast10Ramadan,RevenueCenter_8,,,,0.0,,,,,,,,,,,,,,,,
,1440,6759.423958333334,0.0,14292.747606499657,1.0113146955684886,IsNewYear,RevenueCenter_8,,,,,,,,,0.0,,,,,,,,,,,
,1410,458.47797163120566,345.0,542.3937009497345,1.0017577356383367,IsEid,RevenueCenter_2,0.0,,,,,,,,,,,,,,,,,,,
,1365,1487.3346007326006,1016.0,1421.2095624488738,0.971251350088477,IsDSF,RevenueCenter_1,,,,,0.0,,,,,,,,,,,,,,,
,1365,4543.024278388278,1571.75,6247.943357550708,0.766960972525539,IsDSF,RevenueCenter_3,,,,,0.0,,,,,,,,,,,,,,,
0.0,1029,4542.376083576288,1558.5,5700.705339349753,0.7525836288619575,IsRamadan,RevenueCenter_3,,,,,,,,,,,,,,,,,,,,
,1419,8783.318336856943,4530.0,8697.920388018136,0.7439794046122988,IsGITEX,RevenueCenter_5,,,,,,,,,,,0.0,,,,,,,,,
,1410,4539.219921985816,1559.75,6224.408762384999,0.6825781011955041,IsEid,RevenueCenter_3,0.0,,,,,,,,,,,,,,,,,,,
,1419,44.79492600422833,18.0,71.46705339075974,0.6239825504035121,IsGITEX,RevenueCenter_7,,,,,,,,,,,0.0,,,,,,,,,
,1419,8763.797054263565,4515.0,8689.902741815622,0.5200718088593008,IsAirshow,RevenueCenter_5,,,,,,,,,,,,,0.0,,,,,,,
,3,456.1666666666667,468.0,197.51603310448834,0.49258198778076023,IslamicPeriod,RevenueCenter_2,,,,,,,,,,,,,,,,,,,,Pre-UAE-National-Day
,3,456.1666666666667,468.0,197.51603310448834,0.49258198778076023,IsNationalDay,RevenueCenter_2,,,,,,,,1.0,,,,,,,,,,,,
,1200,132.30208333333334,40.0,204.0393217609789,0.48782949572827844,IsPreEvent,RevenueCenter_9,,,,,,,,,,,,,,,,0.0,,,,
,1419,456.1024947145877,342.0,542.7157859148925,0.47844503822515744,IsGITEX,RevenueCenter_2,,,,,,,,,,,0.0,,,,,,,,,
,1332,1479.9088813813812,1023.5,1411.9506489792207,0.4671387081194957,IsPostRamadan,RevenueCenter_1,,,0.0,,,,,,,,,,,,,,,,,
1.0,429,44.72494172494172,12.0,77.58136433068283,0.4667750823730152,IsRamadan,RevenueCenter_7,,,,,,,,,,,,,,,,,,,,
,1242,1479.0637922705314,1017.0,1399.0449729959155,0.40976782131110084,IsPostEvent,RevenueCenter_1,,,,,,,,,,,,,,,,,0.0,,,
,1419,1478.1245454545453,1021.0,1407.4845848077687,0.34600481445979436,IsGITEX,RevenueCenter_1,,,,,,,,,,,0.0,,,,,,,,,
,1440,132.11111111111111,35.0,208.87113397051976,0.34277974578036785,IsNewYear,RevenueCenter_9,,,,,,,,,0.0,,,,,,,,,,,
,1419,4523.661627906977,1558.5,6204.371159780555,0.3374859519636625,IsGITEX,RevenueCenter_3,,,,,,,,,,,0.0,,,,,,,,,
,1419,6713.520436927413,0.0,14352.314641797535,0.32534277326410976,IsGITEX,RevenueCenter_8,,,,,,,,,,,0.0,,,,,,,,,
,1419,1477.3953699788583,1012.0,1412.5643803551588,0.29650300081432973,IsAirshow,RevenueCenter_1,,,,,,,,,,,,,0.0,,,,,,,
,1365,8740.916073260072,4537.0,8683.546474854114,0.2576287331824982,IsDSF,RevenueCenter_5,,,,,0.0,,,,,,,,,,,,,,,
,21,454.9047619047619,360.0,307.0891002236818,0.21458695435770228,IslamicPeriod,RevenueCenter_2,,,,,,,,,,,,,,,,,,,,Dubai-Food-Festival
,1455,6.872852233676977e-05,0.0,0.0026216125254653866,0.20618556701031626,IsNationalDay,RevenueCenter_4,,,,,,,,0.0,,,,,,,,,,,,
,1455,6705.546735395189,0.0,14240.5619389191,0.20618556701030236,IsNationalDay,RevenueCenter_8,,,,,,,,0.0,,,,,,,,,,,,
,1455,131.93127147766322,35.0,208.63628511949864,0.2061855670102932,IsNationalDay,RevenueCenter_9,,,,,,,,0.0,,,,,,,,,,,,
,1332,131.92192192192192,35.0,210.1790181472244,0.1990842686820956,IsPostRamadan,RevenueCenter_9,,,0.0,,,,,,,,,,,,,,,,,
,1455,44.582817869415805,18.0,71.16508197857294,0.14751864790349573,IsNationalDay,RevenueCenter_7,,,,,,,,0.0,,,,,,,,,,,,
,12,8730.6875,2977.25,11196.912323536606,0.14030779201528742,IslamicPeriod,RevenueCenter_5,,,,,,,,,,,,,,,,,,,,Post-Dubai-Marathon
,1410,1475.021865248227,997.0,1414.9615234365274,0.13537197984624605,IsEid,RevenueCenter_1,0.0,,,,,,,,,,,,,,,,,,,
,1419,4511.711937984496,1522.0,6196.244159866248,0.07243477365924819,IsAirshow,RevenueCenter_3,,,,,,,,,,,,,0.0,,,,,,,
,1455,8724.375353951891,4515.0,8638.641187195375,0.06790796690577887,IsNationalDay,RevenueCenter_5,,,,,,,,0.0,,,,,,,,,,,,
,1410,131.70212765957447,35.0,210.23163471936314,0.03214322132713595,IsEid,RevenueCenter_9,0.0,,,,,,,,,,,,,,,,,,,
,1440,454.04926388888885,339.75,538.8921524273248,0.02612249436389284,IsNewYear,RevenueCenter_2,,,,,,,,,0.0,,,,,,,,,,,
,57,476.29824561403507,309.0,420.524438091987,0.023620495606799376,RevenueImpact,RevenueCenter_6,,,,,,,,,,,,,,,,,,,Boost,
,1458,131.65980795610426,35.0,208.50716369659287,0.0,IsWorldCup,RevenueCenter_9,,,,,,,0.0,,,,,,,,,,,,,
,1458,8718.454828532236,4508.5,8634.380033411047,0.0,IsArtDubai,RevenueCenter_5,,,,,,,,,,,,,,0.0,,,,,,
,1458,8718.454828532236,4508.5,8634.380033411047,0.0,IsFilmFestival,RevenueCenter_5,,,,,,,,,,,,0.0,,,,,,,,
,1458,8718.454828532236,4508.5,8634.380033411047,0.0,IsWorldCup,RevenueCenter_5,,,,,,,0.0,,,,,,,,,,,,,
,1458,6.858710562414266e-05,0.0,0.0026189140043946253,0.0,IsWorldCup,RevenueCenter_4,,,,,,,0.0,,,,,,,,,,,,,
,1458,453.9306858710562,341.5,537.0736846917847,0.0,IsArtDubai,RevenueCenter_2,,,,,,,,,,,,,,0.0,,,,,,
,1458,453.9306858710562,341.5,537.0736846917847,0.0,IsFilmFestival,RevenueCenter_2,,,,,,,,,,,,0.0,,,,,,,,
,1458,44.51714677640604,18.0,71.10862509105927,0.0,IsWorldCup,RevenueCenter_7,,,,,,,0.0,,,,,,,,,,,,,
,1458,131.65980795610426,35.0,208.50716369659287,0.0,IsFilmFestival,RevenueCenter_9,,,,,,,,,,,,0.0,,,,,,,,
,1458,131.65980795610426,35.0,208.50716369659287,0.0,IsArtDubai,RevenueCenter_9,,,,,,,,,,,,,,0.0,,,,,,
,1458,476.18576817558295,233.5,2051.608747162218,0.0,IsArtDubai,RevenueCenter_6,,,,,,,,,,,,,,0.0,,,,,,
,1458,6691.749314128944,0.0,14229.140501395674,0.0,IsWorldCup,RevenueCenter_8,,,,,,,0.0,,,,,,,,,,,,,
,1458,476.18576817558295,233.5,2051.608747162218,0.0,IsWorldCup,RevenueCenter_6,,,,,,,0.0,,,,,,,,,,,,,
,1458,453.9306858710562,341.5,537.0736846917847,0.0,IsWorldCup,RevenueCenter_2,,,,,,,0.0,,,,,,,,,,,,,
,1458,44.51714677640604,18.0,71.10862509105927,0.0,IsArtDubai,RevenueCenter_7,,,,,,,,,,,,,,0.0,,,,,,
,1458,6.858710562414266e-05,0.0,0.0026189140043946253,0.0,IsFilmFestival,RevenueCenter_4,,,,,,,,,,,,0.0,,,,,,,,
,1458,6691.749314128944,0.0,14229.140501395674,0.0,IsArtDubai,RevenueCenter_8,,,,,,,,,,,,,,0.0,,,,,,
,1458,44.51714677640604,18.0,71.10862509105927,0.0,IsFilmFestival,RevenueCenter_7,,,,,,,,,,,,0.0,,,,,,,,
,1458,6691.749314128944,0.0,14229.140501395674,0.0,IsFilmFestival,RevenueCenter_8,,,,,,,,,,,,0.0,,,,,,,,
,1458,6.858710562414266e-05,0.0,0.0026189140043946253,0.0,IsArtDubai,RevenueCenter_4,,,,,,,,,,,,,,0.0,,,,,,
,1458,476.18576817558295,233.5,2051.608747162218,0.0,IsFilmFestival,RevenueCenter_6,,,,,,,,,,,,0.0,,,,,,,,
,1458,4508.446255144033,1529.5,6166.37477377222,-2.017312950631752e-14,IsArtDubai,RevenueCenter_3,,,,,,,,,,,,,,0.0,,,,,,
,1458,4508.446255144033,1529.5,6166.37477377222,-2.017312950631752e-14,IsFilmFestival,RevenueCenter_3,,,,,,,,,,,,0.0,,,,,,,,
,1458,4508.446255144033,1529.5,6166.37477377222,-2.017312950631752e-14,IsWorldCup,RevenueCenter_3,,,,,,,0.0,,,,,,,,,,,,,
,1458,1473.0277983539092,1013.0,1401.572563732458,-3.0871606862724426e-14,IsWorldCup,RevenueCenter_1,,,,,,,0.0,,,,,,,,,,,,,
,1458,1473.0277983539092,1013.0,1401.572563732458,-3.0871606862724426e-14,IsFilmFestival,RevenueCenter_1,,,,,,,,,,,,0.0,,,,,,,,
,1458,1473.0277983539092,1013.0,1401.572563732458,-3.0871606862724426e-14,IsArtDubai,RevenueCenter_1,,,,,,,,,,,,,,0.0,,,,,,
,1455,453.9260756013745,341.0,537.5775455698353,-0.0010156329644978072,IsNationalDay,RevenueCenter_2,,,,,,,,0.0,,,,,,,,,,,,
,1455,4507.252329896907,1524.0,6168.728955113436,-0.026481966947356432,IsNationalDay,RevenueCenter_3,,,,,,,,0.0,,,,,,,,,,,,
,1428,131.624649859944,35.0,208.54783441165003,-0.02670374255140593,IsMarathon,RevenueCenter_9,,,,,,,,,,0.0,,,,,,,,,,
,1428,475.9435224089636,231.0,2072.1070692776743,-0.050872113954073386,IsMarathon,RevenueCenter_6,,,,,,,,,,0.0,,,,,,,,,,
,1455,1471.985243986254,1005.0,1402.3142416883652,-0.07077628601582762,IsNationalDay,RevenueCenter_1,,,,,,,,0.0,,,,,,,,,,,,
,1428,4503.631890756303,1529.5,6169.963554741664,-0.10678544481345421,IsMarathon,RevenueCenter_3,,,,,,,,,,0.0,,,,,,,,,,
,1440,4502.4892291666665,1550.475,6164.068249521995,-0.13213035356849237,IsNewYear,RevenueCenter_3,,,,,,,,,0.0,,,,,,,,,,,
,1419,8705.291360112755,4537.0,8580.105878717242,-0.15098396078628903,IsFoodFestival,RevenueCenter_5,,,,,,,,,,,,,,,0.0,,,,,
,1365,44.43589743589744,16.0,72.17514763570487,-0.18251246180867256,IsDSF,RevenueCenter_7,,,,,0.0,,,,,,,,,,,,,,,
0.0,1029,44.43051506316812,21.0,68.26879725628724,-0.1946030226803042,IsRamadan,RevenueCenter_7,,,,,,,,,,,,,,,,,,,,
,1419,4497.267223396759,1522.0,6174.639183897534,-0.24795752493489429,IsFoodFestival,RevenueCenter_3,,,,,,,,,,,,,,,0.0,,,,,
,1440,8694.794194444445,4522.5,8581.846384961065,-0.2713856360230159,IsNewYear,RevenueCenter_5,,,,,,,,,0.0,,,,,,,,,,,
,12,131.25,57.5,171.0678360927458,-0.3112627630756462,IslamicPeriod,RevenueCenter_9,,,,,,,,,,,,,,,,,,,,Eid-Adha
,1440,474.6856597222222,230.5,2063.522174648246,-0.31502588981357216,IsNewYear,RevenueCenter_6,,,,,,,,,0.0,,,,,,,,,,,
,1455,474.6827147766323,232.5,2053.381750384327,-0.315644334501919,IsNationalDay,RevenueCenter_6,,,,,,,,0.0,,,,,,,,,,,,
,1365,452.4102124542124,337.0,547.3608489013433,-0.33495717830270366,IsDSF,RevenueCenter_2,,,,,0.0,,,,,,,,,,,,,,,
,1410,44.35390070921986,16.0,71.91883093045378,-0.36670379619364835,IsEid,RevenueCenter_7,0.0,,,,,,,,,,,,,,,,,,,
,1428,452.0633333333333,341.0,537.2952068780077,-0.4113739378820853,IsMarathon,RevenueCenter_2,,,,,,,,,,0.0,,,,,,,,,,
,1419,6658.81289640592,0.0,14321.714574251037,-0.49219443492126425,IsFoodFestival,RevenueCenter_8,,,,,,,,,,,,,,,0.0,,,,,
,1428,8674.854544817927,4493.5,8570.17786847937,-0.5000918691649606,IsMarathon,RevenueCenter_5,,,,,,,,,,0.0,,,,,,,,,,
,15,451.3,417.0,307.037445366429,-0.5795347071564713,IslamicPeriod,RevenueCenter_2,,,,,,,,,,,,,,,,,,,,Pre-GITEX-Technology-Week
,1440,44.24791666666667,18.0,70.60705942530097,-0.604778448833696,IsNewYear,RevenueCenter_7,,,,,,,,,0.0,,,,,,,,,,,
,1419,1463.3515221987316,997.0,1402.0568816204404,-0.6568970501433339,IsFoodFestival,RevenueCenter_1,,,,,,,,,,,,,,,0.0,,,,,
,1419,6644.138830162086,0.0,14251.514694846523,-0.7114803877415605,IsAirshow,RevenueCenter_8,,,,,,,,,,,,,0.0,,,,,,,
,1419,450.47282593375616,338.5,532.0121625323492,-0.7617594590823245,IsAirshow,RevenueCenter_2,,,,,,,,,,,,,0.0,,,,,,,
,1419,130.62367864693445,35.0,208.48141326914634,-0.7869746472023239,IsFoodFestival,RevenueCenter_9,,,,,,,,,,,,,,,0.0,,,,,
,1266,44.13823064770932,16.0,72.56738893243752,-0.8511689453052285,IsSummerEvent,RevenueCenter_7,,,,,,0.0,,,,,,,,,,,,,,
,1398,8640.695436337626,4242.0,8618.600144272032,-0.8918941913896555,IsLast10Ramadan,RevenueCenter_5,,,,0.0,,,,,,,,,,,,,,,,
,1428,1459.8377661064426,984.9,1393.2814843354504,-0.8954367502233708,IsMarathon,RevenueCenter_1,,,,,,,,,,0.0,,,,,,,,,,
,48,130.41666666666666,85.0,150.83397006252505,-0.9442071264846968,IsEid,RevenueCenter_9,1.0,,,,,,,,,,,,,,,,,,,
,12,6625.0,0.0,18454.027646116618,-0.9974867705819441,IslamicPeriod,RevenueCenter_8,,,,,,,,,,,,,,,,,,,,Post-Dubai-Marathon
,1419,44.05355884425652,17.0,70.8481457261974,-1.0413693727451905,IsFoodFestival,RevenueCenter_7,,,,,,,,,,,,,,,0.0,,,,,
,1332,6618.714714714714,0.0,14121.848598751138,-1.0914126633528367,IsPostRamadan,RevenueCenter_8,,,0.0,,,,,,,,,,,,,,,,,
,1200,8607.917591666666,4533.5,8466.709390957643,-1.2678535249597545,IsPreEvent,RevenueCenter_5,,,,,,,,,,,,,,,,0.0,,,,
,1332,43.950450450450454,17.0,69.03315729929378,-1.2729843824041533,IsPostRamadan,RevenueCenter_7,,,0.0,,,,,,,,,,,,,,,,,
,1440,1454.2522430555555,997.0,1359.9855822405589,-1.2746232840504212,IsNewYear,RevenueCenter_1,,,,,,,,,0.0,,,,,,,,,,,
,1419,469.7331571529246,226.0,2061.964815543102,-1.3550617120247677,IsAirshow,RevenueCenter_6,,,,,,,,,,,,,0.0,,,,,,,
,57,1451.5833333333333,1205.5,1430.5538546352964,-1.45580857635819,RevenueImpact,RevenueCenter_1,,,,,,,,,,,,,,,,,,,Boost,
,21,4442.0142857142855,1023.0,5733.8257663217955,-1.4735003074274409,IslamicPeriod,RevenueCenter_3,,,,,,,,,,,,,,,,,,,,Dubai-Food-Festival
,1242,43.84621578099839,17.0,69.55084185624433,-1.5071293737163678,IsPostEvent,RevenueCenter_7,,,,,,,,,,,,,,,,,0.0,,,
,99,8575.895959595959,4254.0,8295.928107273769,-1.6351391587157833,TourismIntensity,RevenueCenter_5,,,,,,,,,,,,,,,,,,High,,
,981,8571.807013251784,3910.0,8770.771953946918,-1.6820390558259097,TourismIntensity,RevenueCenter_5,,,,,,,,,,,,,,,,,,Normal,,
,201,43.72139303482587,25.0,60.306069263795926,-1.787521885840876,TourismIntensity,RevenueCenter_7,,,,,,,,,,,,,,,,,,Medium,,
1.0,429,4427.062121212121,1456.0,7167.752055120883,-1.805148144752862,IsRamadan,RevenueCenter_3,,,,,,,,,,,,,,,,,,,,
,1332,8560.799361861862,4453.0,8462.336072361808,-1.8082959626564432,IsPreRamadan,RevenueCenter_5,,0.0,,,,,,,,,,,,,,,,,,
,1419,445.30615926708947,340.0,467.410389584781,-1.899965539323908,IsFoodFestival,RevenueCenter_2,,,,,,,,,,,,,,,0.0,,,,,
,3,8548.0,11069.5,7346.780876683339,-1.9551036494953373,IslamicPeriod,RevenueCenter_5,,,,,,,,,,,,,,,,,,,,Flag-Day
,1428,43.61204481792717,18.0,69.37972796356239,-2.0331535689492295,IsMarathon,RevenueCenter_7,,,,,,,,,,0.0,,,,,,,,,,
,57,6553.596491228071,0.0,14326.149254397467,-2.06452478142267,IslamicPeriod,RevenueCenter_8,,,,,,,,,,,,,,,,,,,,Ramadan-Middle
,18,444.44444444444446,402.25,373.761951958765,-2.089799549111427,IsNewYear,RevenueCenter_2,,,,,,,,,1.0,,,,,,,,,,,
,126,128.88888888888889,60.0,190.68601300450842,-2.1046051260679386,IsPostRamadan,RevenueCenter_9,,,1.0,,,,,,,,,,,,,,,,,
,258,128.67248062015503,0.0,228.5447241828156,-2.2689743987361846,IsPreEvent,RevenueCenter_9,,,,,,,,,,,,,,,,1.0,,,,
,216,1438.3208333333332,1000.0,1418.7957424262115,-2.3561649725389495,IsPostEvent,RevenueCenter_1,,,,,,,,,,,,,,,,,1.0,,,
,1419,464.7641649048626,225.0,2027.2961221044588,-2.398560401013267,IsFoodFestival,RevenueCenter_6,,,,,,,,,,,,,,,0.0,,,,,
,21,1436.142857142857,1070.0,1009.5727827013901,-2.5040220729215736,IslamicPeriod,RevenueCenter_1,,,,,,,,,,,,,,,,,,,,Post-Eid-Adha
,21,43.38095238095238,25.0,43.37335148507225,-2.5522623926469543,IslamicPeriod,RevenueCenter_7,,,,,,,,,,,,,,,,,,,,Post-Eid-Adha
,39,4389.625641025641,1882.75,5023.002523704425,-2.6355113800640555,IsAirshow,RevenueCenter_3,,,,,,,,,,,,,1.0,,,,,,,
,1365,463.5297435897436,221.0,2041.9249691259197,-2.6577914401618012,IsDSF,RevenueCenter_6,,,,,0.0,,,,,,,,,,,,,,,
,6,8468.0,3436.5,11235.985564248469,-2.872697438456542,IslamicPeriod,RevenueCenter_5,,,,,,,,,,,,,,,,,,,,Dubai-Marathon
,9,6497.777777777777,0.0,10303.454248185142,-2.8986671084885947,IslamicPeriod,RevenueCenter_8,,,,,,,,,,,,,,,,,,,,Post-GITEX-Technology-Week
,1272,8454.13875,3987.6,8455.356880445812,-3.0316848997970216,RevenueImpact,RevenueCenter_5,,,,,,,,,,,,,,,,,,,Neutral,
,12,460.9166666666667,150.0,551.6170375002988,-3.206543019422227,IslamicPeriod,RevenueCenter_6,,,,,,,,,,,,,,,,,,,,Pre-Dubai-Marathon
,12,4361.275000000001,1276.25,6205.086154573667,-3.2643453379557137,IslamicPeriod,RevenueCenter_3,,,,,,,,,,,,,,,,,,,,Post-Dubai-Marathon
,1332,437.6369744744744,331.0,534.6432151051125,-3.589471235088563,IsPreRamadan,RevenueCenter_2,,0.0,,,,,,,,,,,,,,,,,,
,84,458.86249999999995,321.0,505.8015946843595,-3.6379222843962493,IslamicPeriod,RevenueCenter_6,,,,,,,,,,,,,,,,,,,,Post-Ramadan-Recovery
,93,8388.781720430106,3860.0,7913.386683764531,-3.7813249547756245,IsDSF,RevenueCenter_5,,,,,1.0,,,,,,,,,,,,,,,
,21,4336.307142857143,1963.5,4785.28081407679,-3.8181471519258783,IslamicPeriod,RevenueCenter_3,,,,,,,,,,,,,,,,,,,,Post-Summer-Event
,1332,1415.9524249249248,971.75,1326.3121603599807,-3.8746976460842033,IsPreRamadan,RevenueCenter_1,,0.0,,,,,,,,,,,,,,,,,,
,48,1414.4520833333333,1068.0,933.845072117946,-3.9765519079839486,IsEid,RevenueCenter_1,1.0,,,,,,,,,,,,,,,,,,,
,84,1413.1630952380951,914.65,1335.943371890717,-4.06405793446075,IslamicPeriod,RevenueCenter_1,,,,,,,,,,,,,,,,,,,,Post-Ramadan-Recovery
,1266,125.80766192733017,35.0,207.91108698538923,-4.444899411311011,IsSummerEvent,RevenueCenter_9,,,,,,0.0,,,,,,,,,,,,,,
0.0,1029,8330.146307094266,3890.0,8370.871793078903,-4.453868593402372,IsRamadan,RevenueCenter_5,,,,,,,,,,,,,,,,,,,,
1.0,429,1407.0730769230768,890.0,1449.7087196368027,-4.477493330712192,IsRamadan,RevenueCenter_1,,,,,,,,,,,,,,,,,,,,
,6,1406.75,1053.0,1314.9717772636795,-4.499426177019491,IslamicPeriod,RevenueCenter_1,,,,,,,,,,,,,,,,,,,,Pre-Commemoration-Day
,42,42.5,24.0,49.17080732185437,-4.531168150864329,IslamicPeriod,RevenueCenter_7,,,,,,,,,,,,,,,,,,,,Pre-DSF
,1332,42.48498498498498,17.0,69.22076042419465,-4.56489676130388,IsPreRamadan,RevenueCenter_7,,0.0,,,,,,,,,,,,,,,,,,
,1200,1403.07605,951.5,1336.2514217761297,-4.748841022014657,IsPreEvent,RevenueCenter_1,,,,,,,,,,,,,,,,0.0,,,,
,126,1400.2849206349206,966.4,1289.717684243646,-4.938323485834985,IsPostRamadan,RevenueCenter_1,,,1.0,,,,,,,,,,,,,,,,,
,1332,124.49136636636636,35.0,199.09064804449696,-5.444669638381877,IsPreRamadan,RevenueCenter_9,,0.0,,,,,,,,,,,,,,,,,,
,507,41.976331360946745,16.0,71.6192407403346,-5.707498344898234,IslamicPeriod,RevenueCenter_7,,,,,,,,,,,,,,,,,,,,Normal
,12,449.0,364.0,378.01034136888126,-5.709067761462119,IslamicPeriod,RevenueCenter_6,,,,,,,,,,,,,,,,,,,,Post-Dubai-Marathon
,1200,41.971666666666664,16.0,69.10460961311027,-5.717976766400649,IsPreEvent,RevenueCenter_7,,,,,,,,,,,,,,,,0.0,,,,
,1200,427.64745833333336,326.5,465.23972750955784,-5.790141172608204,IsPreEvent,RevenueCenter_2,,,,,,,,,,,,,,,,0.0,,,,
,1332,4237.858626126126,1499.75,5375.071924885743,-6.001793383012458,IsPreRamadan,RevenueCenter_3,,0.0,,,,,,,,,,,,,,,,,,
,21,423.6547619047619,431.0,165.73948828263732,-6.6697240148454,IslamicPeriod,RevenueCenter_2,,,,,,,,,,,,,,,,,,,,Post-Summer-Event
,42,1374.5285714285715,1156.25,1207.1520614775989,-6.686854588583453,IslamicPeriod,RevenueCenter_1,,,,,,,,,,,,,,,,,,,,Post-Ramadan-Week1
,6,8129.583333333333,2878.25,9944.657271201791,-6.754310331135138,IslamicPeriod,RevenueCenter_5,,,,,,,,,,,,,,,,,,,,Pre-Flag-Day
,1200,4196.210825,1489.375,5367.741074922323,-6.92556620338504,IsPreEvent,RevenueCenter_3,,,,,,,,,,,,,,,,0.0,,,,
,99,1364.2474747474748,1054.0,1272.9368619090355,-7.384811320464932,TourismIntensity,RevenueCenter_1,,,,,,,,,,,,,,,,,,High,,
,3,419.3333333333333,457.0,199.18918980038384,-7.621725874586637,IslamicPeriod,RevenueCenter_2,,,,,,,,,,,,,,,,,,,,Flag-Day
,12,438.875,392.0,408.14703929076614,-7.835338783544961,IslamicPeriod,RevenueCenter_6,,,,,,,,,,,,,,,,,,,,Post-New-Year-Celebrations
0.0,1029,121.07142857142857,35.0,197.40239177921734,-8.042226059000393,IsRamadan,RevenueCenter_9,,,,,,,,,,,,,,,,,,,,
,84,4139.891666666667,1675.5,4832.628287860646,-8.17475838947518,IslamicPeriod,RevenueCenter_3,,,,,,,,,,,,,,,,,,,,Post-Ramadan-Recovery
,6,4128.466666666666,1158.0,5476.971218352956,-8.428171635490154,IslamicPeriod,RevenueCenter_3,,,,,,,,,,,,,,,,,,,,Post-Flag-Day
,15,4078.496,1451.0,4573.553033914192,-9.536550527877987,IslamicPeriod,RevenueCenter_3,,,,,,,,,,,,,,,,,,,,GITEX-Technology-Week
,201,409.78731343283584,325.0,321.252591196937,-9.724694499009866,TourismIntensity,RevenueCenter_2,,,,,,,,,,,,,,,,,,Medium,,
,99,4055.8,1224.0,4937.8311155572455,-10.039961208976921,TourismIntensity,RevenueCenter_3,,,,,,,,,,,,,,,,,,High,,
,9,39.77777777777778,48.0,31.244110556142328,-10.646165223554064,IslamicPeriod,RevenueCenter_7,,,,,,,,,,,,,,,,,,,,Post-GITEX-Technology-Week
,216,117.5925925925926,35.0,181.49057439998887,-10.68451760783497,IsPostEvent,RevenueCenter_9,,,,,,,,,,,,,,,,,1.0,,,
,51,425.1764705882353,291.0,357.9500091287806,-10.712058401657039,IslamicPeriod,RevenueCenter_6,,,,,,,,,,,,,,,,,,,,Dubai-Shopping-Festival
,39,1314.1153846153845,1029.0,913.8931503646368,-10.788147645014428,IsAirshow,RevenueCenter_1,,,,,,,,,,,,,1.0,,,,,,,
,192,404.7291666666667,337.25,289.24873842228436,-10.838993867527547,IsSummerEvent,RevenueCenter_2,,,,,,1.0,,,,,,,,,,,,,,
,93,4000.930107526882,1241.0,4811.050243495944,-11.257007822552785,IsDSF,RevenueCenter_3,,,,,1.0,,,,,,,,,,,,,,,
,171,402.40497076023394,322.5,301.19512942584595,-11.351009463470968,IslamicPeriod,RevenueCenter_2,,,,,,,,,,,,,,,,,,,,Dubai-Summer-Surprises
,216,5929.976851851852,0.0,13362.322235401954,-11.383756720663271,IsPostEvent,RevenueCenter_8,,,,,,,,,,,,,,,,,1.0,,,
,1332,5918.127252252252,0.0,11895.979977885205,-11.560834477813868,IsPreRamadan,RevenueCenter_8,,0.0,,,,,,,,,,,,,,,,,,
0.0,1029,5915.57628765792,0.0,11524.450764564232,-11.59895552022868,IsRamadan,RevenueCenter_8,,,,,,,,,,,,,,,,,,,,
,39,5899.615384615385,0.0,8704.296306438759,-11.837471673379182,IsGITEX,RevenueCenter_8,,,,,,,,,,,1.0,,,,,,,,,
,9,7655.166666666667,7760.2,5862.3014708389055,-12.195832665047773,IslamicPeriod,RevenueCenter_5,,,,,,,,,,,,,,,,,,,,Post-GITEX-Technology-Week
,21,3956.0071428571428,1499.0,4490.814075122841,-12.253425704178477,IslamicPeriod,RevenueCenter_3,,,,,,,,,,,,,,,,,,,,Post-Eid-Adha
,39,3954.8407692307696,1249.5,4600.17123921913,-12.279296559909369,IsGITEX,RevenueCenter_3,,,,,,,,,,,1.0,,,,,,,,,
,39,1287.5846153846155,748.3,1166.2441370165623,-12.5892520953457,IsGITEX,RevenueCenter_1,,,,,,,,,,,1.0,,,,,,,,,
,216,3938.533564814815,1489.75,4719.940438906011,-12.640999982620658,IsPostEvent,RevenueCenter_3,,,,,,,,,,,,,,,,,1.0,,,
,84,396.0595238095238,348.25,270.8825091504173,-12.748898424983615,IslamicPeriod,RevenueCenter_2,,,,,,,,,,,,,,,,,,,,Post-Ramadan-Recovery
,42,7605.114285714286,3543.875,7148.163316197724,-12.769929588605585,IslamicPeriod,RevenueCenter_5,,,,,,,,,,,,,,,,,,,,Pre-DSF
,15,7603.4,5030.0,6476.692195315224,-12.78959231265476,IslamicPeriod,RevenueCenter_5,,,,,,,,,,,,,,,,,,,,Dubai-Airshow
,15,3920.0299999999997,1249.5,4575.617258664202,-13.051419975843443,IslamicPeriod,RevenueCenter_3,,,,,,,,,,,,,,,,,,,,Pre-GITEX-Technology-Week
,1200,5817.665,0.0,11895.403224344669,-13.062119829913602,IsPreEvent,RevenueCenter_8,,,,,,,,,,,,,,,,0.0,,,,
,51,1277.3049019607843,1054.0,1090.9681254855664,-13.28711492151359,IslamicPeriod,RevenueCenter_1,,,,,,,,,,,,,,,,,,,,Dubai-Shopping-Festival
,6,392.5833333333333,440.75,136.82558849377065,-13.514696064224493,IslamicPeriod,RevenueCenter_2,,,,,,,,,,,,,,,,,,,,Pre-Commemoration-Day
0.0,1029,408.997619047619,244.0,989.1342374201972,-14.10965081660941,IsRamadan,RevenueCenter_6,,,,,,,,,,,,,,,,,,,,
,93,1263.0408602150537,950.0,1056.5617926214788,-14.255463364202209,IsDSF,RevenueCenter_1,,,,,1.0,,,,,,,,,,,,,,,
,126,407.09484126984125,304.5,450.06473329197286,-14.509238100594798,IsPostRamadan,RevenueCenter_6,,,1.0,,,,,,,,,,,,,,,,,
,216,387.68402777777777,323.5,396.0289982182467,-14.594003039507333,IsPostEvent,RevenueCenter_2,,,,,,,,,,,,,,,,,1.0,,,
,9,1257.4444444444443,1059.0,875.0165871443683,-14.635389376247826,IslamicPeriod,RevenueCenter_1,,,,,,,,,,,,,,,,,,,,Post-Dubai-Airshow
1.0,429,384.96850815850814,240.0,560.8372434009883,-15.192226447572105,IsRamadan,RevenueCenter_2,,,,,,,,,,,,,,,,,,,,
,42,1245.720238095238,770.0,1026.1002456054912,-15.431315044609818,IslamicPeriod,RevenueCenter_1,,,,,,,,,,,,,,,,,,,,Pre-DSF
,21,7369.9857142857145,2916.0,7677.7104128956125,-15.46683604798281,IslamicPeriod,RevenueCenter_5,,,,,,,,,,,,,,,,,,,,Dubai-Food-Festival
,9,3806.766666666667,1017.0,5217.0842871641435,-15.563667586738262,IslamicPeriod,RevenueCenter_3,,,,,,,,,,,,,,,,,,,,Post-GITEX-Technology-Week
,93,5649.435483870968,0.0,11595.277302594073,-15.576103965180485,IsDSF,RevenueCenter_8,,,,,1.0,,,,,,,,,,,,,,,
,126,3785.1285714285714,1476.75,4498.512755504284,-16.043613315566834,IsPostRamadan,RevenueCenter_3,,,1.0,,,,,,,,,,,,,,,,,
,6,3776.85,2227.625,3811.365705360744,-16.227236918024683,IslamicPeriod,RevenueCenter_3,,,,,,,,,,,,,,,,,,,,Pre-Flag-Day
,171,7285.963040935672,3272.0,6604.330324924084,-16.430569587956747,IslamicPeriod,RevenueCenter_5,,,,,,,,,,,,,,,,,,,,Dubai-Summer-Surprises
,12,378.25,253.5,369.397820784043,-16.672300028765648,IslamicPeriod,RevenueCenter_2,,,,,,,,,,,,,,,,,,,,Pre-Dubai-Marathon
,192,7256.523958333334,3212.0,6578.681854088479,-16.768233579814513,IsSummerEvent,RevenueCenter_5,,,,,,1.0,,,,,,,,,,,,,,
,6,37.0,34.0,20.995237555217138,-16.88595815487012,IslamicPeriod,RevenueCenter_7,,,,,,,,,,,,,,,,,,,,Pre-Flag-Day
,201,7246.07960199005,3290.0,6528.005795839709,-16.8880295361932,TourismIntensity,RevenueCenter_5,,,,,,,,,,,,,,,,,,Medium,,
,15,109.33333333333333,55.0,135.394485362834,-16.95769952073349,IslamicPeriod,RevenueCenter_9,,,,,,,,,,,,,,,,,,,,GITEX-Technology-Week
,99,5539.368686868687,0.0,11441.450451610692,-17.220917478589985,TourismIntensity,RevenueCenter_8,,,,,,,,,,,,,,,,,,High,,
,39,374.9102564102564,313.0,249.23062855080082,-17.40803869849997,IsGITEX,RevenueCenter_2,,,,,,,,,,,1.0,,,,,,,,,
,201,1212.8273631840796,836.0,995.3919744992481,-17.66432618994705,TourismIntensity,RevenueCenter_1,,,,,,,,,,,,,,,,,,Medium,,
,39,7068.695384615385,3897.5,6144.151590962377,-18.922612737727412,IsAirshow,RevenueCenter_5,,,,,,,,,,,,,1.0,,,,,,,
,6,367.8333333333333,215.5,511.01914510776083,-18.96707035183335,IslamicPeriod,RevenueCenter_2,,,,,,,,,,,,,,,,,,,,New-Year-Celebrations
,171,1188.7666666666667,836.0,940.8510242140918,-19.29774387183333,IslamicPeriod,RevenueCenter_1,,,,,,,,,,,,,,,,,,,,Dubai-Summer-Surprises
,21,7016.805714285713,2614.5,6519.294807529853,-19.5177832277993,IslamicPeriod,RevenueCenter_5,,,,,,,,,,,,,,,,,,,,Post-Summer-Event
,216,383.2039351851852,283.0,432.21442417067294,-19.52637798198807,IsPostEvent,RevenueCenter_6,,,,,,,,,,,,,,,,,1.0,,,
,9,7003.166666666667,3897.5,6453.8915682710385,-19.674222045081585,IslamicPeriod,RevenueCenter_5,,,,,,,,,,,,,,,,,,,,Post-Dubai-Airshow
,15,1179.9733333333331,748.3,1033.126735737314,-19.894700245851524,IslamicPeriod,RevenueCenter_1,,,,,,,,,,,,,,,,,,,,Pre-GITEX-Technology-Week
,57,3608.5947368421052,1215.0,4368.239766113751,-19.959238003008657,RevenueImpact,RevenueCenter_3,,,,,,,,,,,,,,,,,,,Boost,
,6,6977.099999999999,6189.8,5587.83146309908,-19.97320468798479,IslamicPeriod,RevenueCenter_5,,,,,,,,,,,,,,,,,,,,Post-Flag-Day
,48,3604.4697916666664,1422.775,4051.2879722397975,-20.05073172261843,IsEid,RevenueCenter_3,1.0,,,,,,,,,,,,,,,,,,,
,216,6944.2591203703705,2916.5,7030.225952763365,-20.349887027636914,IsPostEvent,RevenueCenter_5,,,,,,,,,,,,,,,,,1.0,,,
,192,1172.0994791666667,797.45,941.3304880862906,-20.42923558696765,IsSummerEvent,RevenueCenter_1,,,,,,1.0,,,,,,,,,,,,,,
,201,3581.867114427861,1463.75,3990.1837902123816,-20.552072449770634,TourismIntensity,RevenueCenter_3,,,,,,,,,,,,,,,,,,Medium,,
,1332,376.82225975975973,220.0,890.2977783727373,-20.866543071313533,IsPreRamadan,RevenueCenter_6,,0.0,,,,,,,,,,,,,,,,,,
,15,1164.9333333333334,908.0,1047.9809306243988,-20.915726462519448,IslamicPeriod,RevenueCenter_1,,,,,,,,,,,,,,,,,,,,Dubai-Airshow
,15,1157.0133333333333,995.0,671.9513129329988,-21.45339452342438,IslamicPeriod,RevenueCenter_1,,,,,,,,,,,,,,,,,,,,Pre-Eid-Adha
,192,3539.6541666666667,1490.375,3951.5482190390812,-21.48838055620598,IsSummerEvent,RevenueCenter_3,,,,,,1.0,,,,,,,,,,,,,,
,21,353.26190476190476,377.0,300.1618571307661,-22.177126209473194,IslamicPeriod,RevenueCenter_2,,,,,,,,,,,,,,,,,,,,Post-Eid-Adha
,507,370.2624260355029,244.0,436.8580786286033,-22.244121773295657,IslamicPeriod,RevenueCenter_6,,,,,,,,,,,,,,,,,,,,Normal
,21,101.9047619047619,35.0,118.79053192990794,-22.599946417408397,IslamicPeriod,RevenueCenter_9,,,,,,,,,,,,,,,,,,,,Post-Eid-Adha
,39,34.41025641025641,16.0,56.34560551151119,-22.70336510314325,IsGITEX,RevenueCenter_7,,,,,,,,,,,1.0,,,,,,,,,
,21,367.98571428571427,314.0,348.4279097398977,-22.722235967785647,IslamicPeriod,RevenueCenter_6,,,,,,,,,,,,,,,,,,,,Post-Summer-Event
,84,6729.71,3016.3,6346.095269730545,-22.810748781123685,IslamicPeriod,RevenueCenter_5,,,,,,,,,,,,,,,,,,,,Post-Ramadan-Recovery
,51,3455.9254901960785,1215.0,4004.721821217705,-23.345532038827198,IslamicPeriod,RevenueCenter_3,,,,,,,,,,,,,,,,,,,,Dubai-Shopping-Festival
,6,100.83333333333333,0.0,246.99021573063712,-23.413732027505738,IslamicPeriod,RevenueCenter_9,,,,,,,,,,,,,,,,,,,,New-Year-Celebrations
,15,347.1,292.0,202.10271433817294,-23.534581202867294,IslamicPeriod,RevenueCenter_2,,,,,,,,,,,,,,,,,,,,GITEX-Technology-Week
,171,3441.819590643275,1344.5,3842.082230002275,-23.658409219889492,IslamicPeriod,RevenueCenter_3,,,,,,,,,,,,,,,,,,,,Dubai-Summer-Surprises
,15,361.73333333333335,300.0,335.13504030180917,-24.035248949323453,IslamicPeriod,RevenueCenter_6,,,,,,,,,,,,,,,,,,,,Pre-Dubai-Airshow
,126,6620.44,2811.5,6384.717590639698,-24.064067197621075,IsPostRamadan,RevenueCenter_5,,,1.0,,,,,,,,,,,,,,,,,
,60,5052.5,0.0,9197.085366423871,-24.496573872960795,IsLast10Ramadan,RevenueCenter_8,,,,1.0,,,,,,,,,,,,,,,,
,60,5052.5,0.0,9197.085366423871,-24.496573872960795,IslamicPeriod,RevenueCenter_8,,,,,,,,,,,,,,,,,,,,Ramadan-Last10Days
,15,6573.308,3483.0,6012.053522771923,-24.604667578387566,IslamicPeriod,RevenueCenter_5,,,,,,,,,,,,,,,,,,,,Pre-Dubai-Airshow
,15,340.6,190.0,394.7725927670258,-24.96651788446154,IslamicPeriod,RevenueCenter_2,,,,,,,,,,,,,,,,,,,,Pre-Eid-Adha
,3,355.3333333333333,241.0,329.71856686169997,-25.37926223735607,IslamicPeriod,RevenueCenter_6,,,,,,,,,,,,,,,,,,,,Flag-Day
,15,6483.301333333334,5594.2,5035.076248964241,-25.637037057117993,IslamicPeriod,RevenueCenter_5,,,,,,,,,,,,,,,,,,,,Pre-Eid-Adha
,60,3349.851666666667,1522.0,4182.608975491444,-25.698312077147133,IslamicPeriod,RevenueCenter_3,,,,,,,,,,,,,,,,,,,,Ramadan-First10Days
,6,335.8333333333333,347.0,169.94047977649902,-26.016604784297325,IslamicPeriod,RevenueCenter_2,,,,,,,,,,,,,,,,,,,,Post-Flag-Day
,15,3333.95,1325.0,3578.614875099822,-26.05102043312506,IslamicPeriod,RevenueCenter_3,,,,,,,,,,,,,,,,,,,,Pre-Eid-Adha
,126,335.5079365079365,286.0,270.31222676103266,-26.08828903819887,IsPostRamadan,RevenueCenter_2,,,1.0,,,,,,,,,,,,,,,,,
,12,3327.429166666667,1161.5,4091.6214251842157,-26.19565636675503,IslamicPeriod,RevenueCenter_3,,,,,,,,,,,,,,,,,,,,Eid-Adha
,15,6434.088000000001,2565.0,6027.963295498264,-26.20151016962729,IslamicPeriod,RevenueCenter_5,,,,,,,,,,,,,,,,,,,,GITEX-Technology-Week
,42,6401.9,2578.75,6533.059804208579,-26.570704030615843,IslamicPeriod,RevenueCenter_5,,,,,,,,,,,,,,,,,,,,Post-Ramadan-Week1
,60,1077.1016666666667,715.9,983.5474061613231,-26.878388318922802,IslamicPeriod,RevenueCenter_1,,,,,,,,,,,,,,,,,,,,Ramadan-First10Days
,129,1076.6577519379846,748.0,945.160740224282,-26.90852452743008,RevenueImpact,RevenueCenter_1,,,,,,,,,,,,,,,,,,,Decrease,
,39,6358.421025641025,2565.0,5435.539358361198,-27.069404490893323,IsGITEX,RevenueCenter_5,,,,,,,,,,,1.0,,,,,,,,,
,6,4875.0,0.0,7848.1685761711315,-27.14909403873011,IslamicPeriod,RevenueCenter_8,,,,,,,,,,,,,,,,,,,,Pre-Commemoration-Day
,18,95.55555555555556,0.0,178.25864296254943,-27.422379662429673,IsNewYear,RevenueCenter_9,,,,,,,,,1.0,,,,,,,,,,,
,177,4832.627118644068,0.0,11138.7847956501,-27.78230486846735,TourismIntensity,RevenueCenter_8,,,,,,,,,,,,,,,,,,Low,,
,1200,342.82691666666665,211.5,494.1133962622324,-28.005635703867398,IsPreEvent,RevenueCenter_6,,,,,,,,,,,,,,,,0.0,,,,
,6,325.3333333333333,305.5,116.30419883506643,-28.32973326994957,IslamicPeriod,RevenueCenter_2,,,,,,,,,,,,,,,,,,,,Pre-Flag-Day
,9,1054.5555555555557,748.0,754.1835173071457,-28.40898476362711,IslamicPeriod,RevenueCenter_1,,,,,,,,,,,,,,,,,,,,Post-GITEX-Technology-Week
,6,6193.833333333333,1796.5,7704.378428313777,-28.957212543405774,IslamicPeriod,RevenueCenter_5,,,,,,,,,,,,,,,,,,,,Pre-Commemoration-Day
,48,320.3541666666667,192.5,321.84056708340444,-29.426633484375923,IsEid,RevenueCenter_2,1.0,,,,,,,,,,,,,,,,,,,
,12,92.91666666666667,0.0,146.13907344676437,-29.426703479891643,IslamicPeriod,RevenueCenter_9,,,,,,,,,,,,,,,,,,,,Post-New-Year-Celebrations
,21,1036.3809523809523,502.0,957.268678386088,-29.642810981632856,IslamicPeriod,RevenueCenter_1,,,,,,,,,,,,,,,,,,,,Post-Summer-Event
,9,3111.0,1467.0,3752.677550429826,-30.996183076366492,IslamicPeriod,RevenueCenter_3,,,,,,,,,,,,,,,,,,,,Post-Dubai-Airshow
,60,312.46666666666664,51.25,846.5496514850021,-31.164233573002797,IslamicPeriod,RevenueCenter_2,,,,,,,,,,,,,,,,,,,,Ramadan-First10Days
,201,325.95248756218905,149.0,768.3566243898604,-31.54930085142711,TourismIntensity,RevenueCenter_6,,,,,,,,,,,,,,,,,,Medium,,
,42,3075.602380952381,1171.0,3693.945663926714,-31.78132316775011,IslamicPeriod,RevenueCenter_3,,,,,,,,,,,,,,,,,,,,Post-Ramadan-Week1
,129,3064.0523255813955,1211.0,3706.194291343866,-32.03751021573381,RevenueImpact,RevenueCenter_3,,,,,,,,,,,,,,,,,,,Decrease,
,57,30.017543859649123,0.0,65.67927788777561,-32.57082712327301,IslamicPeriod,RevenueCenter_7,,,,,,,,,,,,,,,,,,,,Ramadan-Middle
,60,88.66666666666667,37.5,120.79491888891077,-32.654719733277766,IslamicPeriod,RevenueCenter_9,,,,,,,,,,,,,,,,,,,,Ramadan-Last10Days
,60,88.66666666666667,37.5,120.79491888891077,-32.654719733277766,IsLast10Ramadan,RevenueCenter_9,,,,1.0,,,,,,,,,,,,,,,,
,42,88.33333333333333,35.0,113.92480760843043,-32.90789747864139,IslamicPeriod,RevenueCenter_9,,,,,,,,,,,,,,,,,,,,Post-Ramadan-Week1
,3,5847.0,2650.0,6776.873689246392,-32.935363949297994,IsNationalDay,RevenueCenter_5,,,,,,,,1.0,,,,,,,,,,,,
,3,5847.0,2650.0,6776.873689246392,-32.935363949297994,IslamicPeriod,RevenueCenter_5,,,,,,,,,,,,,,,,,,,,Pre-UAE-National-Day
,48,5790.597708333334,3538.75,5261.614309323886,-33.582293855754386,IsEid,RevenueCenter_5,1.0,,,,,,,,,,,,,,,,,,,
,15,312.1333333333333,237.0,312.9559226533499,-34.45135193157619,IslamicPeriod,RevenueCenter_6,,,,,,,,,,,,,,,,,,,,Pre-Eid-Adha
,15,4373.666666666667,0.0,9969.600663063313,-34.64090686373865,IslamicPeriod,RevenueCenter_8,,,,,,,,,,,,,,,,,,,,Pre-Eid-Adha
,15,4351.333333333333,0.0,6844.17569561017,-34.9746511850655,IslamicPeriod,RevenueCenter_8,,,,,,,,,,,,,,,,,,,,GITEX-Technology-Week
,129,4342.248062015504,0.0,11551.077718950492,-35.110419440738895,RevenueImpact,RevenueCenter_8,,,,,,,,,,,,,,,,,,,Decrease,
,9,293.94444444444446,288.0,197.04955665460855,-35.244641176793564,IslamicPeriod,RevenueCenter_2,,,,,,,,,,,,,,,,,,,,Post-GITEX-Technology-Week
,21,5606.155238095238,1976.0,5814.413741408173,-35.69783466964361,IslamicPeriod,RevenueCenter_5,,,,,,,,,,,,,,,,,,,,Post-Eid-Adha
,57,945.3201754385965,703.0,838.1612152002979,-35.82468867899302,IslamicPeriod,RevenueCenter_1,,,,,,,,,,,,,,,,,,,,Ramadan-Middle
,6,305.5416666666667,81.25,526.7627648350505,-35.83561561755769,IslamicPeriod,RevenueCenter_6,,,,,,,,,,,,,,,,,,,,Pre-Commemoration-Day
,42,303.5595238095238,217.0,288.3986316901371,-36.251869732991906,IslamicPeriod,RevenueCenter_6,,,,,,,,,,,,,,,,,,,,Post-Ramadan-Week1
,177,935.4381355932203,636.0,843.4252274952897,-36.49555448725674,TourismIntensity,RevenueCenter_1,,,,,,,,,,,,,,,,,,Low,,
,15,5504.706666666667,2240.0,4727.727409876255,-36.86144190766666,IslamicPeriod,RevenueCenter_5,,,,,,,,,,,,,,,,,,,,Pre-GITEX-Technology-Week
,177,2789.8107344632767,1085.75,3391.5843276708165,-38.12035063565044,TourismIntensity,RevenueCenter_3,,,,,,,,,,,,,,,,,,Low,,
,51,4135.294117647059,0.0,10221.11996856336,-38.20309274114904,IslamicPeriod,RevenueCenter_8,,,,,,,,,,,,,,,,,,,,Dubai-Shopping-Festival
,129,27.503875968992247,0.0,54.15892759263699,-38.2173432921599,RevenueImpact,RevenueCenter_7,,,,,,,,,,,,,,,,,,,Decrease,
,57,4103.508771929824,0.0,10057.768406849233,-38.67808581433729,RevenueImpact,RevenueCenter_8,,,,,,,,,,,,,,,,,,,Boost,
,3,901.6666666666666,987.0,195.50532814563732,-38.78821107963692,IslamicPeriod,RevenueCenter_1,,,,,,,,,,,,,,,,,,,,Flag-Day
,12,5247.4925,3422.075,4849.066689837662,-39.81166842974373,IslamicPeriod,RevenueCenter_5,,,,,,,,,,,,,,,,,,,,Eid-Adha
,57,2707.7631578947367,1195.0,3073.240757277219,-39.94021432982059,IslamicPeriod,RevenueCenter_3,,,,,,,,,,,,,,,,,,,,Ramadan-Middle
,129,272.3914728682171,76.0,698.2830980374972,-39.992716653310204,RevenueImpact,RevenueCenter_2,,,,,,,,,,,,,,,,,,,Decrease,
,6,875.5833333333334,729.0,558.4749248325,-40.55894027853467,IslamicPeriod,RevenueCenter_1,,,,,,,,,,,,,,,,,,,,Post-Flag-Day
,42,3954.0476190476193,0.0,7868.723843451769,-40.9115997412059,IslamicPeriod,RevenueCenter_8,,,,,,,,,,,,,,,,,,,,Post-Ramadan-Week1
,192,275.9565104166667,157.75,315.3773046524642,-42.048559856389105,IsSummerEvent,RevenueCenter_6,,,,,,1.0,,,,,,,,,,,,,,
,60,25.683333333333334,0.0,50.90452734241624,-42.306874557051735,IslamicPeriod,RevenueCenter_7,,,,,,,,,,,,,,,,,,,,Ramadan-Last10Days
,60,25.683333333333334,0.0,50.90452734241624,-42.306874557051735,IsLast10Ramadan,RevenueCenter_7,,,,1.0,,,,,,,,,,,,,,,,
,6,3833.3333333333335,0.0,9389.710680668848,-42.71552693643735,IslamicPeriod,RevenueCenter_8,,,,,,,,,,,,,,,,,,,,New-Year-Celebrations
,177,25.463276836158194,0.0,53.502018403909254,-42.80119306825463,TourismIntensity,RevenueCenter_7,,,,,,,,,,,,,,,,,,Low,,
,171,264.65467836257307,147.0,310.30975190129453,-44.421968053235155,IslamicPeriod,RevenueCenter_6,,,,,,,,,,,,,,,,,,,,Dubai-Summer-Surprises
,39,72.56410256410257,35.0,96.94594122276679,-44.88515235545867,IsGITEX,RevenueCenter_9,,,,,,,,,,,1.0,,,,,,,,,
,12,72.08333333333333,0.0,100.30540485150459,-45.25031256511774,IslamicPeriod,RevenueCenter_9,,,,,,,,,,,,,,,,,,,,Pre-Dubai-Marathon
,177,248.4689265536723,71.0,669.2613723653252,-45.26280458945388,TourismIntensity,RevenueCenter_2,,,,,,,,,,,,,,,,,,Low,,
,6,24.166666666666668,12.0,34.68957576371707,-45.71380149755031,IslamicPeriod,RevenueCenter_7,,,,,,,,,,,,,,,,,,,,Pre-Commemoration-Day
,60,784.3866666666667,589.5,666.4655406344033,-46.75004317344119,IsLast10Ramadan,RevenueCenter_1,,,,1.0,,,,,,,,,,,,,,,,
,60,784.3866666666667,589.5,666.4655406344033,-46.75004317344119,IslamicPeriod,RevenueCenter_1,,,,,,,,,,,,,,,,,,,,Ramadan-Last10Days
,9,3543.0555555555557,0.0,5932.29742829688,-47.053372903931766,IslamicPeriod,RevenueCenter_8,,,,,,,,,,,,,,,,,,,,Post-Dubai-Airshow
,57,237.56140350877192,95.0,585.1926962103978,-47.665709566888864,IslamicPeriod,RevenueCenter_2,,,,,,,,,,,,,,,,,,,,Ramadan-Middle
,12,237.45833333333334,143.0,265.1234239448533,-47.68841571534869,IslamicPeriod,RevenueCenter_2,,,,,,,,,,,,,,,,,,,,Eid-Adha
,48,243.9416666666667,178.75,238.0715151211012,-48.771743514871574,IsEid,RevenueCenter_6,1.0,,,,,,,,,,,,,,,,,,,
,60,2307.7149999999997,916.5,2700.5492349611313,-48.8135186846921,IsLast10Ramadan,RevenueCenter_3,,,,1.0,,,,,,,,,,,,,,,,
,60,2307.7149999999997,916.5,2700.5492349611313,-48.8135186846921,IslamicPeriod,RevenueCenter_3,,,,,,,,,,,,,,,,,,,,Ramadan-Last10Days
,15,22.6,9.0,28.083548819294798,-49.23304471081256,IslamicPeriod,RevenueCenter_7,,,,,,,,,,,,,,,,,,,,Dubai-Airshow
,15,235.13333333333333,72.0,363.2041666427667,-50.621511803218546,IslamicPeriod,RevenueCenter_6,,,,,,,,,,,,,,,,,,,,GITEX-Technology-Week
,21,224.98571428571427,176.0,198.5110432336556,-52.752532872264304,IslamicPeriod,RevenueCenter_6,,,,,,,,,,,,,,,,,,,,Post-Eid-Adha
,42,214.4047619047619,121.5,227.35553542627088,-52.76707026462938,IslamicPeriod,RevenueCenter_2,,,,,,,,,,,,,,,,,,,,Post-Ramadan-Week1
,60,20.916666666666668,0.0,42.56850577147169,-53.01435922719009,IslamicPeriod,RevenueCenter_7,,,,,,,,,,,,,,,,,,,,Ramadan-First10Days
,30,3083.3333333333335,0.0,11972.009981139581,-53.923358622786566,IsMarathon,RevenueCenter_8,,,,,,,,,,1.0,,,,,,,,,,
,201,3019.9154228855723,0.0,6074.722260137573,-54.87106164438453,TourismIntensity,RevenueCenter_8,,,,,,,,,,,,,,,,,,Medium,,
,21,2993.3333333333335,0.0,6534.965442397789,-55.268298425148465,IslamicPeriod,RevenueCenter_8,,,,,,,,,,,,,,,,,,,,Post-Eid-Adha
,60,2977.8333333333335,0.0,9182.402309588771,-55.499926946666356,IslamicPeriod,RevenueCenter_8,,,,,,,,,,,,,,,,,,,,Ramadan-First10Days
,60,194.83333333333334,17.5,535.9579943908034,-57.07861587734171,IsLast10Ramadan,RevenueCenter_2,,,,1.0,,,,,,,,,,,,,,,,
,60,194.83333333333334,17.5,535.9579943908034,-57.07861587734171,IslamicPeriod,RevenueCenter_2,,,,,,,,,,,,,,,,,,,,Ramadan-Last10Days
,39,19.0,9.0,27.50885025051507,-57.31981634979817,IsAirshow,RevenueCenter_7,,,,,,,,,,,,,1.0,,,,,,,
,9,19.0,0.0,40.549352645880795,-57.31981634979817,IslamicPeriod,RevenueCenter_7,,,,,,,,,,,,,,,,,,,,Post-Dubai-Airshow
,48,2841.4583333333335,0.0,7139.895475599225,-57.53788434163418,IsEid,RevenueCenter_8,1.0,,,,,,,,,,,,,,,,,,,
,39,201.10128205128206,86.0,271.64543707773777,-57.7683132316692,IsGITEX,RevenueCenter_6,,,,,,,,,,,1.0,,,,,,,,,
,9,55.55555555555556,35.0,59.81452814975454,-57.803709106063764,IslamicPeriod,RevenueCenter_9,,,,,,,,,,,,,,,,,,,,Post-GITEX-Technology-Week
,6,198.03333333333333,138.0,142.15740102670233,-58.41258883228259,IslamicPeriod,RevenueCenter_6,,,,,,,,,,,,,,,,,,,,Post-Flag-Day
,12,191.875,152.75,189.4314609801944,-59.70585161855355,IslamicPeriod,RevenueCenter_6,,,,,,,,,,,,,,,,,,,,Eid-Adha
,60,188.2625,0.0,331.43818423383317,-60.46448411902509,IslamicPeriod,RevenueCenter_6,,,,,,,,,,,,,,,,,,,,Ramadan-First10Days
,15,17.333333333333332,0.0,23.560459208072288,-61.06369210858781,IslamicPeriod,RevenueCenter_7,,,,,,,,,,,,,,,,,,,,Pre-GITEX-Technology-Week
,15,180.06333333333333,95.0,177.58830647100078,-62.18632614258666,IslamicPeriod,RevenueCenter_6,,,,,,,,,,,,,,,,,,,,Pre-GITEX-Technology-Week
,9,179.44444444444446,98.0,246.84666855717902,-62.316294094224524,IslamicPeriod,RevenueCenter_6,,,,,,,,,,,,,,,,,,,,Post-GITEX-Technology-Week
,129,173.1996124031008,0.0,295.1291947298333,-63.62772178877104,RevenueImpact,RevenueCenter_6,,,,,,,,,,,,,,,,,,,Decrease,
,177,168.2189265536723,0.0,292.001319065125,-64.6736761583254,TourismIntensity,RevenueCenter_6,,,,,,,,,,,,,,,,,,Low,,
,15,46.0,35.0,52.37911252180041,-65.06147113982081,IslamicPeriod,RevenueCenter_9,,,,,,,,,,,,,,,,,,,,Pre-GITEX-Technology-Week
,171,2336.0409356725145,0.0,4786.613845933169,-65.0907285074143,IslamicPeriod,RevenueCenter_8,,,,,,,,,,,,,,,,,,,,Dubai-Summer-Surprises
,15,15.4,16.0,17.261848932586236,-65.40658798878378,IslamicPeriod,RevenueCenter_7,,,,,,,,,,,,,,,,,,,,Pre-Dubai-Airshow
,192,2313.2447916666665,0.0,4768.402158919421,-65.43138896756805,IsSummerEvent,RevenueCenter_8,,,,,,1.0,,,,,,,,,,,,,,
,60,162.24166666666667,0.0,268.5093580363771,-65.92891314491288,IsLast10Ramadan,RevenueCenter_6,,,,1.0,,,,,,,,,,,,,,,,
,60,162.24166666666667,0.0,268.5093580363771,-65.92891314491288,IslamicPeriod,RevenueCenter_6,,,,,,,,,,,,,,,,,,,,Ramadan-Last10Days
,57,153.41228070175438,0.0,274.9315032033144,-67.78310252960208,IslamicPeriod,RevenueCenter_6,,,,,,,,,,,,,,,,,,,,Ramadan-Middle
,3,14.333333333333334,0.0,24.826061575153908,-67.80266847440915,IslamicPeriod,RevenueCenter_7,,,,,,,,,,,,,,,,,,,,Flag-Day
,21,2127.6190476190477,0.0,4728.08725042369,-68.20533842882013,IslamicPeriod,RevenueCenter_8,,,,,,,,,,,,,,,,,,,,Post-Summer-Event
,3,12.666666666666666,9.0,14.84362938547488,-71.54654423319879,IsNationalDay,RevenueCenter_7,,,,,,,,1.0,,,,,,,,,,,,
,3,12.666666666666666,9.0,14.84362938547488,-71.54654423319879,IslamicPeriod,RevenueCenter_7,,,,,,,,,,,,,,,,,,,,Pre-UAE-National-Day
,6,30.833333333333332,0.0,75.52593373581466,-76.58105855386539,IslamicPeriod,RevenueCenter_9,,,,,,,,,,,,,,,,,,,,Pre-Flag-Day
,18,1277.7777777777778,0.0,5421.151989096864,-80.9051756454791,IsNewYear,RevenueCenter_8,,,,,,,,,1.0,,,,,,,,,,,
,6,8.333333333333334,0.0,13.647954669717608,-81.28062120605183,IslamicPeriod,RevenueCenter_7,,,,,,,,,,,,,,,,,,,,Post-Flag-Day
,12,1083.3333333333333,0.0,3752.776749732567,-83.81090978638447,IslamicPeriod,RevenueCenter_8,,,,,,,,,,,,,,,,,,,,Pre-Dubai-Marathon
,15,17.0,0.0,65.84071688552609,-87.08793498645552,IslamicPeriod,RevenueCenter_9,,,,,,,,,,,,,,,,,,,,Dubai-Airshow
,12,660.4166666666666,0.0,2287.750441663892,-90.1308815428536,IslamicPeriod,RevenueCenter_8,,,,,,,,,,,,,,,,,,,,Eid-Adha
,57,12.192982456140351,0.0,80.80519754245196,-90.73902457748872,RevenueImpact,RevenueCenter_9,,,,,,,,,,,,,,,,,,,Boost,
,99,8.484848484848484,0.0,62.296421693739,-93.55547557256246,TourismIntensity,RevenueCenter_9,,,,,,,,,,,,,,,,,,High,,
,39,6.538461538461538,0.0,40.83267922029722,-95.03382114863675,IsAirshow,RevenueCenter_9,,,,,,,,,,,,,1.0,,,,,,,
,42,3.4523809523809526,0.0,17.685880245168956,-97.37780192301967,IslamicPeriod,RevenueCenter_9,,,,,,,,,,,,,,,,,,,,Pre-DSF
,93,2.5268817204301075,0.0,15.04745493275355,-98.0807493496629,IsDSF,RevenueCenter_9,,,,,1.0,,,,,,,,,,,,,,,
,51,1.7647058823529411,0.0,12.602520756252087,-98.65964723042792,IslamicPeriod,RevenueCenter_9,,,,,,,,,,,,,,,,,,,,Dubai-Shopping-Festival
,12,0.0,0.0,0.0,-100.0,IslamicPeriod,RevenueCenter_4,,,,,,,,,,,,,,,,,,,,Post-New-Year-Celebrations
,6,0.0,0.0,0.0,-100.0,IslamicPeriod,RevenueCenter_4,,,,,,,,,,,,,,,,,,,,Post-Flag-Day
,9,0.0,0.0,0.0,-100.0,IslamicPeriod,RevenueCenter_4,,,,,,,,,,,,,,,,,,,,Post-GITEX-Technology-Week
,3,0.0,0.0,0.0,-100.0,IslamicPeriod,RevenueCenter_4,,,,,,,,,,,,,,,,,,,,Pre-UAE-National-Day
,21,0.0,0.0,0.0,-100.0,IslamicPeriod,RevenueCenter_4,,,,,,,,,,,,,,,,,,,,Dubai-Food-Festival
,84,0.0,0.0,0.0,-100.0,IslamicPeriod,RevenueCenter_4,,,,,,,,,,,,,,,,,,,,Post-Ramadan-Recovery
,60,0.0,0.0,0.0,-100.0,IslamicPeriod,RevenueCenter_4,,,,,,,,,,,,,,,,,,,,Ramadan-Last10Days
,60,0.0,0.0,0.0,-100.0,IslamicPeriod,RevenueCenter_4,,,,,,,,,,,,,,,,,,,,Ramadan-First10Days
,21,0.0,0.0,0.0,-100.0,IslamicPeriod,RevenueCenter_4,,,,,,,,,,,,,,,,,,,,Post-Summer-Event
,6,0.0,0.0,0.0,-100.0,IslamicPeriod,RevenueCenter_4,,,,,,,,,,,,,,,,,,,,New-Year-Celebrations
,21,0.0,0.0,0.0,-100.0,IslamicPeriod,RevenueCenter_4,,,,,,,,,,,,,,,,,,,,Post-Eid-Adha
,12,0.0,0.0,0.0,-100.0,IslamicPeriod,RevenueCenter_4,,,,,,,,,,,,,,,,,,,,Post-Dubai-Marathon
,9,0.0,0.0,0.0,-100.0,IslamicPeriod,RevenueCenter_4,,,,,,,,,,,,,,,,,,,,Post-Dubai-Airshow
,15,0.0,0.0,0.0,-100.0,IslamicPeriod,RevenueCenter_4,,,,,,,,,,,,,,,,,,,,GITEX-Technology-Week
,3,0.0,0.0,0.0,-100.0,IslamicPeriod,RevenueCenter_4,,,,,,,,,,,,,,,,,,,,Flag-Day
,12,0.0,0.0,0.0,-100.0,IslamicPeriod,RevenueCenter_4,,,,,,,,,,,,,,,,,,,,Eid-Adha
,171,0.0,0.0,0.0,-100.0,IslamicPeriod,RevenueCenter_4,,,,,,,,,,,,,,,,,,,,Dubai-Summer-Surprises
,51,0.0,0.0,0.0,-100.0,IslamicPeriod,RevenueCenter_4,,,,,,,,,,,,,,,,,,,,Dubai-Shopping-Festival
,6,0.0,0.0,0.0,-100.0,IslamicPeriod,RevenueCenter_4,,,,,,,,,,,,,,,,,,,,Dubai-Marathon
,57,0.0,0.0,0.0,-100.0,IslamicPeriod,RevenueCenter_4,,,,,,,,,,,,,,,,,,,,Ramadan-Middle
,15,0.0,0.0,0.0,-100.0,IslamicPeriod,RevenueCenter_9,,,,,,,,,,,,,,,,,,,,Pre-Dubai-Airshow
,3,0.0,0.0,0.0,-100.0,IslamicPeriod,RevenueCenter_9,,,,,,,,,,,,,,,,,,,,Flag-Day
,6,0.0,0.0,0.0,-100.0,IslamicPeriod,RevenueCenter_9,,,,,,,,,,,,,,,,,,,,Pre-Commemoration-Day
,3,0.0,0.0,0.0,-100.0,IslamicPeriod,RevenueCenter_9,,,,,,,,,,,,,,,,,,,,Pre-UAE-National-Day
,6,0.0,0.0,0.0,-100.0,IslamicPeriod,RevenueCenter_9,,,,,,,,,,,,,,,,,,,,Post-Flag-Day
,42,0.0,0.0,0.0,-100.0,IslamicPeriod,RevenueCenter_4,,,,,,,,,,,,,,,,,,,,Pre-Ramadan-Late
,42,0.0,0.0,0.0,-100.0,IslamicPeriod,RevenueCenter_4,,,,,,,,,,,,,,,,,,,,Post-Ramadan-Week1
,84,0.0,0.0,0.0,-100.0,IslamicPeriod,RevenueCenter_4,,,,,,,,,,,,,,,,,,,,Pre-Ramadan-Early
,15,0.0,0.0,0.0,-100.0,IslamicPeriod,RevenueCenter_4,,,,,,,,,,,,,,,,,,,,Pre-GITEX-Technology-Week
,39,0.0,0.0,0.0,-100.0,IsAirshow,RevenueCenter_4,,,,,,,,,,,,,1.0,,,,,,,
,39,0.0,0.0,0.0,-100.0,IsGITEX,RevenueCenter_4,,,,,,,,,,,1.0,,,,,,,,,
,30,0.0,0.0,0.0,-100.0,IsMarathon,RevenueCenter_4,,,,,,,,,,1.0,,,,,,,,,,
,18,0.0,0.0,0.0,-100.0,IsNewYear,RevenueCenter_4,,,,,,,,,1.0,,,,,,,,,,,
,3,0.0,0.0,0.0,-100.0,IsNationalDay,RevenueCenter_4,,,,,,,,1.0,,,,,,,,,,,,
,192,0.0,0.0,0.0,-100.0,IsSummerEvent,RevenueCenter_4,,,,,,1.0,,,,,,,,,,,,,,
,93,0.0,0.0,0.0,-100.0,IsDSF,RevenueCenter_4,,,,,1.0,,,,,,,,,,,,,,,
,60,0.0,0.0,0.0,-100.0,IsLast10Ramadan,RevenueCenter_4,,,,1.0,,,,,,,,,,,,,,,,
,126,0.0,0.0,0.0,-100.0,IsPostRamadan,RevenueCenter_4,,,1.0,,,,,,,,,,,,,,,,,
,126,0.0,0.0,0.0,-100.0,IsPreRamadan,RevenueCenter_4,,1.0,,,,,,,,,,,,,,,,,,
,48,0.0,0.0,0.0,-100.0,IsEid,RevenueCenter_4,1.0,,,,,,,,,,,,,,,,,,,
1.0,429,0.0,0.0,0.0,-100.0,IsRamadan,RevenueCenter_4,,,,,,,,,,,,,,,,,,,,
,12,0.0,0.0,0.0,-100.0,IslamicPeriod,RevenueCenter_8,,,,,,,,,,,,,,,,,,,,Post-New-Year-Celebrations
,3,0.0,0.0,0.0,-100.0,IslamicPeriod,RevenueCenter_8,,,,,,,,,,,,,,,,,,,,Pre-UAE-National-Day
,6,0.0,0.0,0.0,-100.0,IslamicPeriod,RevenueCenter_8,,,,,,,,,,,,,,,,,,,,Dubai-Marathon
,39,0.0,0.0,0.0,-100.0,IsFoodFestival,RevenueCenter_4,,,,,,,,,,,,,,,1.0,,,,,
,258,0.0,0.0,0.0,-100.0,IsPreEvent,RevenueCenter_4,,,,,,,,,,,,,,,,1.0,,,,
,216,0.0,0.0,0.0,-100.0,IsPostEvent,RevenueCenter_4,,,,,,,,,,,,,,,,,1.0,,,
,42,0.0,0.0,0.0,-100.0,IslamicPeriod,RevenueCenter_4,,,,,,,,,,,,,,,,,,,,Pre-DSF
,3,0.0,0.0,0.0,-100.0,IsNationalDay,RevenueCenter_8,,,,,,,,1.0,,,,,,,,,,,,
,6,0.0,0.0,0.0,-100.0,IslamicPeriod,RevenueCenter_4,,,,,,,,,,,,,,,,,,,,Pre-Flag-Day
,15,0.0,0.0,0.0,-100.0,IslamicPeriod,RevenueCenter_4,,,,,,,,,,,,,,,,,,,,Pre-Eid-Adha
,12,0.0,0.0,0.0,-100.0,IslamicPeriod,RevenueCenter_4,,,,,,,,,,,,,,,,,,,,Pre-Dubai-Marathon
,18,0.0,0.0,0.0,-100.0,IslamicPeriod,RevenueCenter_4,,,,,,,,,,,,,,,,,,,,Pre-Dubai-Food-Festival
,15,0.0,0.0,0.0,-100.0,IslamicPeriod,RevenueCenter_4,,,,,,,,,,,,,,,,,,,,Pre-Dubai-Airshow
,6,0.0,0.0,0.0,-100.0,IslamicPeriod,RevenueCenter_4,,,,,,,,,,,,,,,,,,,,Pre-Commemoration-Day
,3,0.0,0.0,0.0,-100.0,IsNationalDay,RevenueCenter_9,,,,,,,,1.0,,,,,,,,,,,,
,15,0.0,0.0,0.0,-100.0,IslamicPeriod,RevenueCenter_4,,,,,,,,,,,,,,,,,,,,Dubai-Airshow
,129,0.0,0.0,0.0,-100.0,RevenueImpact,RevenueCenter_4,,,,,,,,,,,,,,,,,,,Decrease,
,57,0.0,0.0,0.0,-100.0,RevenueImpact,RevenueCenter_4,,,,,,,,,,,,,,,,,,,Boost,
,201,0.0,0.0,0.0,-100.0,TourismIntensity,RevenueCenter_4,,,,,,,,,,,,,,,,,,Medium,,
,177,0.0,0.0,0.0,-100.0,TourismIntensity,RevenueCenter_4,,,,,,,,,,,,,,,,,,Low,,
,99,0.0,0.0,0.0,-100.0,TourismIntensity,RevenueCenter_4,,,,,,,,,,,,,,,,,,High,,
,9,0.0,0.0,0.0,-100.0,IslamicPeriod,RevenueCenter_9,,,,,,,,,,,,,,,,,,,,Post-Dubai-Airshow
